complaint_id,account_id,complaint_timestamp,complaint_type,status
COMP0000001,A002944,2026-03-25,AGENT_BEHAVIOR,CLOSED
COMP0000002,A003437,2026-06-01,TOO_MANY_CALLS,CLOSED
COMP0000003,A002532,2026-02-26,TOO_MANY_CALLS,OPEN
COMP0000004,A001476,2025-11-19,AGENT_BEHAVIOR,RESOLVED
COMP0000005,A000965,2026-05-19,OTHER,RESOLVED
COMP0000006,A001045,2026-02-03,OTHER,CLOSED
COMP0000007,A002613,2025-12-08,AGENT_BEHAVIOR,RESOLVED
COMP0000008,A000262,2026-02-05,TOO_MANY_CALLS,OPEN
COMP0000009,A004113,2025-10-03,TOO_MANY_CALLS,OPEN
COMP0000010,A000015,2026-02-17,WRONG_PERSON,OPEN
COMP0000011,A003187,2026-01-05,OTHER,RESOLVED
COMP0000012,A002694,2026-03-18,OTHER,RESOLVED
COMP0000013,A000911,2026-08-25,TOO_MANY_CALLS,RESOLVED
COMP0000014,A002496,2026-02-03,AGENT_BEHAVIOR,OPEN
COMP0000015,A002114,2025-12-21,WRONG_PERSON,CLOSED
COMP0000016,A000426,2026-06-04,WRONG_PERSON,OPEN
COMP0000017,A002639,2026-08-25,OTHER,CLOSED
COMP0000018,A003102,2026-04-01,AGENT_BEHAVIOR,OPEN
COMP0000019,A002850,2025-12-02,TOO_MANY_CALLS,RESOLVED
COMP0000020,A001133,2026-08-07,TOO_MANY_CALLS,OPEN
COMP0000021,A002341,2026-08-03,AGENT_BEHAVIOR,RESOLVED
COMP0000022,A000953,2026-06-26,WRONG_PERSON,OPEN
COMP0000023,A001185,2026-06-08,AGENT_BEHAVIOR,OPEN
COMP0000024,A000403,2026-07-20,TOO_MANY_CALLS,RESOLVED
COMP0000025,A001825,2026-01-01,TOO_MANY_CALLS,CLOSED
COMP0000026,A002002,2025-09-27,WRONG_PERSON,CLOSED
COMP0000027,A001731,2026-08-01,WRONG_PERSON,OPEN
COMP0000028,A002730,2026-06-02,WRONG_PERSON,RESOLVED
COMP0000029,A002638,2026-04-21,WRONG_PERSON,CLOSED
COMP0000030,A003473,2026-03-07,AGENT_BEHAVIOR,RESOLVED
COMP0000031,A002755,2026-08-06,WRONG_PERSON,OPEN
COMP0000032,A002596,2026-05-21,TOO_MANY_CALLS,OPEN
COMP0000033,A004116,2025-10-23,AGENT_BEHAVIOR,CLOSED
COMP0000034,A002726,2025-11-05,AGENT_BEHAVIOR,RESOLVED
COMP0000035,A004091,2026-07-22,TOO_MANY_CALLS,RESOLVED
COMP0000036,A001837,2025-09-17,WRONG_PERSON,CLOSED
COMP0000037,A002849,2026-01-04,TOO_MANY_CALLS,OPEN
COMP0000038,A002667,2026-08-10,AGENT_BEHAVIOR,OPEN
COMP0000039,A003535,2026-02-05,OTHER,CLOSED
COMP0000040,A003479,2026-02-11,AGENT_BEHAVIOR,OPEN
COMP0000041,A003761,2026-06-07,AGENT_BEHAVIOR,RESOLVED
COMP0000042,A003003,2025-10-16,TOO_MANY_CALLS,RESOLVED
COMP0000043,A001988,2026-08-02,AGENT_BEHAVIOR,OPEN
COMP0000044,A001250,2026-02-20,TOO_MANY_CALLS,CLOSED
COMP0000045,A000619,2026-02-01,TOO_MANY_CALLS,CLOSED
COMP0000046,A001074,2026-07-26,AGENT_BEHAVIOR,OPEN
COMP0000047,A002592,2026-08-25,OTHER,OPEN
COMP0000048,A001865,2026-02-02,TOO_MANY_CALLS,CLOSED
COMP0000049,A002283,2026-01-03,AGENT_BEHAVIOR,OPEN
COMP0000050,A001251,2025-09-04,AGENT_BEHAVIOR,OPEN
COMP0000051,A002823,2025-12-26,AGENT_BEHAVIOR,RESOLVED
COMP0000052,A002792,2026-05-01,OTHER,RESOLVED
COMP0000053,A000175,2026-05-24,OTHER,RESOLVED
COMP0000054,A002580,2025-12-13,WRONG_PERSON,RESOLVED
COMP0000055,A001653,2026-03-02,TOO_MANY_CALLS,CLOSED
COMP0000056,A001767,2025-12-20,OTHER,CLOSED
COMP0000057,A003558,2026-01-25,AGENT_BEHAVIOR,OPEN
COMP0000058,A004151,2026-06-14,TOO_MANY_CALLS,OPEN
COMP0000059,A000362,2026-04-16,OTHER,RESOLVED
COMP0000060,A000140,2026-04-04,OTHER,OPEN
COMP0000061,A003846,2025-10-22,TOO_MANY_CALLS,RESOLVED
COMP0000062,A001468,2026-02-12,TOO_MANY_CALLS,RESOLVED
COMP0000063,A001473,2026-04-12,TOO_MANY_CALLS,CLOSED
COMP0000064,A002023,2026-01-15,WRONG_PERSON,RESOLVED
COMP0000065,A002899,2025-10-18,AGENT_BEHAVIOR,CLOSED
COMP0000066,A002770,2026-03-26,AGENT_BEHAVIOR,CLOSED
COMP0000067,A002636,2025-11-02,WRONG_PERSON,CLOSED
COMP0000068,A000257,2025-12-11,OTHER,CLOSED
COMP0000069,A001160,2026-01-20,OTHER,RESOLVED
COMP0000070,A000895,2025-11-01,WRONG_PERSON,RESOLVED
COMP0000071,A003232,2026-02-15,WRONG_PERSON,OPEN
COMP0000072,A000184,2026-04-10,TOO_MANY_CALLS,OPEN
COMP0000073,A002297,2026-05-09,OTHER,OPEN
COMP0000074,A002652,2026-04-11,OTHER,OPEN
COMP0000075,A001229,2025-10-18,OTHER,CLOSED
COMP0000076,A003993,2026-03-22,TOO_MANY_CALLS,CLOSED
COMP0000077,A003533,2026-04-07,OTHER,RESOLVED
COMP0000078,A000682,2026-08-19,WRONG_PERSON,RESOLVED
COMP0000079,A004088,2025-09-12,OTHER,CLOSED
COMP0000080,A002970,2026-04-19,OTHER,OPEN
COMP0000081,A002363,2025-12-03,TOO_MANY_CALLS,OPEN
COMP0000082,A001588,2026-08-25,TOO_MANY_CALLS,RESOLVED
COMP0000083,A002886,2025-09-09,OTHER,OPEN
COMP0000084,A000731,2025-10-15,AGENT_BEHAVIOR,CLOSED
COMP0000085,A001660,2026-08-18,AGENT_BEHAVIOR,RESOLVED
COMP0000086,A001721,2026-04-09,OTHER,CLOSED
COMP0000087,A000047,2025-11-15,WRONG_PERSON,OPEN
COMP0000088,A002006,2026-07-12,OTHER,OPEN
COMP0000089,A003573,2026-08-19,OTHER,CLOSED
COMP0000090,A001085,2025-09-13,WRONG_PERSON,RESOLVED
COMP0000091,A003968,2025-09-21,TOO_MANY_CALLS,RESOLVED
COMP0000092,A000601,2025-12-03,WRONG_PERSON,CLOSED
COMP0000093,A000434,2026-04-27,OTHER,CLOSED
COMP0000094,A003699,2025-09-07,OTHER,CLOSED
COMP0000095,A004140,2026-06-22,AGENT_BEHAVIOR,RESOLVED
COMP0000096,A002544,2026-03-15,WRONG_PERSON,OPEN
COMP0000097,A000956,2026-08-23,WRONG_PERSON,OPEN
COMP0000098,A002934,2025-11-13,OTHER,OPEN
COMP0000099,A000258,2026-02-08,AGENT_BEHAVIOR,OPEN
COMP0000100,A001205,2026-02-15,TOO_MANY_CALLS,CLOSED
COMP0000101,A002739,2026-03-08,WRONG_PERSON,CLOSED
COMP0000102,A001366,2025-12-22,OTHER,CLOSED
COMP0000103,A001776,2026-04-10,TOO_MANY_CALLS,RESOLVED
COMP0000104,A002081,2025-12-24,AGENT_BEHAVIOR,RESOLVED
COMP0000105,A004063,2026-06-18,TOO_MANY_CALLS,RESOLVED
COMP0000106,A002223,2026-06-05,OTHER,CLOSED
COMP0000107,A002351,2026-03-22,AGENT_BEHAVIOR,OPEN
COMP0000108,A002834,2026-04-18,WRONG_PERSON,RESOLVED
COMP0000109,A001444,2026-03-03,WRONG_PERSON,OPEN
COMP0000110,A001783,2025-10-26,AGENT_BEHAVIOR,RESOLVED
COMP0000111,A003259,2026-03-23,AGENT_BEHAVIOR,CLOSED
COMP0000112,A001861,2026-07-16,TOO_MANY_CALLS,RESOLVED
COMP0000113,A000637,2025-10-11,TOO_MANY_CALLS,OPEN
COMP0000114,A002866,2025-09-23,OTHER,RESOLVED
COMP0000115,A002102,2025-09-18,TOO_MANY_CALLS,RESOLVED
COMP0000116,A002159,2026-06-09,OTHER,CLOSED
COMP0000117,A000286,2025-11-05,OTHER,OPEN
COMP0000118,A003864,2026-05-17,OTHER,RESOLVED
COMP0000119,A000438,2026-05-17,AGENT_BEHAVIOR,OPEN
COMP0000120,A000326,2026-06-17,AGENT_BEHAVIOR,OPEN
COMP0000121,A001357,2026-06-15,AGENT_BEHAVIOR,RESOLVED
COMP0000122,A000883,2026-05-11,OTHER,RESOLVED
COMP0000123,A002993,2025-10-02,TOO_MANY_CALLS,OPEN
COMP0000124,A000514,2025-10-17,TOO_MANY_CALLS,OPEN
COMP0000125,A003357,2026-06-26,WRONG_PERSON,OPEN
COMP0000126,A002526,2026-08-02,WRONG_PERSON,RESOLVED
COMP0000127,A003612,2026-06-26,AGENT_BEHAVIOR,RESOLVED
COMP0000128,A002647,2026-05-21,AGENT_BEHAVIOR,OPEN
COMP0000129,A002568,2026-08-09,OTHER,OPEN
COMP0000130,A000964,2026-07-27,WRONG_PERSON,OPEN
COMP0000131,A003396,2025-11-20,AGENT_BEHAVIOR,OPEN
COMP0000132,A002200,2026-03-08,OTHER,RESOLVED
COMP0000133,A001936,2026-07-05,OTHER,RESOLVED
COMP0000134,A002977,2026-04-27,TOO_MANY_CALLS,OPEN
COMP0000135,A001982,2025-10-11,WRONG_PERSON,CLOSED
COMP0000136,A001660,2026-01-04,TOO_MANY_CALLS,OPEN
COMP0000137,A002439,2025-09-16,AGENT_BEHAVIOR,RESOLVED
COMP0000138,A002374,2026-08-15,OTHER,OPEN
COMP0000139,A002199,2026-04-25,TOO_MANY_CALLS,CLOSED
COMP0000140,A001234,2026-07-19,OTHER,OPEN
COMP0000141,A003285,2025-09-11,WRONG_PERSON,CLOSED
COMP0000142,A000801,2026-05-14,TOO_MANY_CALLS,CLOSED
COMP0000143,A001635,2025-11-25,WRONG_PERSON,OPEN
COMP0000144,A002090,2026-04-24,OTHER,OPEN
COMP0000145,A001104,2026-07-27,WRONG_PERSON,OPEN
COMP0000146,A001078,2026-01-11,AGENT_BEHAVIOR,RESOLVED
COMP0000147,A000919,2026-08-11,OTHER,OPEN
COMP0000148,A002753,2026-08-11,TOO_MANY_CALLS,OPEN
COMP0000149,A000945,2025-10-26,AGENT_BEHAVIOR,RESOLVED
COMP0000150,A003550,2026-04-02,TOO_MANY_CALLS,CLOSED
COMP0000151,A001223,2026-02-02,OTHER,RESOLVED
COMP0000152,A003475,2026-02-08,TOO_MANY_CALLS,OPEN
COMP0000153,A000162,2026-05-08,OTHER,RESOLVED
COMP0000154,A000876,2025-10-26,OTHER,CLOSED
COMP0000155,A004108,2026-05-22,WRONG_PERSON,OPEN
COMP0000156,A001057,2026-04-11,TOO_MANY_CALLS,RESOLVED
COMP0000157,A003663,2026-04-08,TOO_MANY_CALLS,RESOLVED
COMP0000158,A003873,2025-09-04,OTHER,CLOSED
COMP0000159,A001807,2026-04-18,AGENT_BEHAVIOR,CLOSED
COMP0000160,A003987,2026-03-03,TOO_MANY_CALLS,RESOLVED
COMP0000161,A000761,2026-06-01,TOO_MANY_CALLS,CLOSED
COMP0000162,A001895,2025-11-17,TOO_MANY_CALLS,RESOLVED
COMP0000163,A003505,2025-10-02,TOO_MANY_CALLS,CLOSED
COMP0000164,A000395,2026-07-11,TOO_MANY_CALLS,RESOLVED
COMP0000165,A002419,2026-06-02,WRONG_PERSON,RESOLVED
COMP0000166,A002372,2026-01-10,WRONG_PERSON,RESOLVED
COMP0000167,A001323,2026-03-26,TOO_MANY_CALLS,OPEN
COMP0000168,A002747,2026-03-13,OTHER,CLOSED
COMP0000169,A001460,2026-01-17,TOO_MANY_CALLS,OPEN
COMP0000170,A001311,2026-03-16,AGENT_BEHAVIOR,RESOLVED
COMP0000171,A003315,2026-04-02,TOO_MANY_CALLS,RESOLVED
COMP0000172,A002981,2026-08-14,AGENT_BEHAVIOR,RESOLVED
COMP0000173,A000603,2026-07-19,WRONG_PERSON,RESOLVED
COMP0000174,A002601,2026-07-09,WRONG_PERSON,OPEN
COMP0000175,A003144,2026-04-11,AGENT_BEHAVIOR,RESOLVED
COMP0000176,A002257,2026-06-13,TOO_MANY_CALLS,OPEN
COMP0000177,A002640,2025-10-09,AGENT_BEHAVIOR,RESOLVED
COMP0000178,A002726,2025-10-03,OTHER,CLOSED
COMP0000179,A000326,2026-02-10,AGENT_BEHAVIOR,CLOSED
COMP0000180,A001721,2026-02-24,TOO_MANY_CALLS,OPEN
COMP0000181,A003285,2026-05-10,WRONG_PERSON,CLOSED
COMP0000182,A002622,2026-08-08,OTHER,OPEN
COMP0000183,A000255,2025-09-03,WRONG_PERSON,RESOLVED
COMP0000184,A003437,2025-11-01,OTHER,RESOLVED
COMP0000185,A000995,2026-06-09,WRONG_PERSON,OPEN
COMP0000186,A003173,2026-03-17,AGENT_BEHAVIOR,RESOLVED
COMP0000187,A002032,2026-07-17,OTHER,OPEN
COMP0000188,A002022,2026-02-19,AGENT_BEHAVIOR,RESOLVED
COMP0000189,A000626,2025-09-16,OTHER,CLOSED
COMP0000190,A003966,2025-09-04,AGENT_BEHAVIOR,CLOSED
COMP0000191,A001935,2026-07-01,WRONG_PERSON,CLOSED
COMP0000192,A001365,2025-12-12,TOO_MANY_CALLS,OPEN
COMP0000193,A003075,2025-12-16,OTHER,CLOSED
COMP0000194,A001032,2025-11-11,OTHER,CLOSED
COMP0000195,A003365,2026-07-17,WRONG_PERSON,OPEN
COMP0000196,A003291,2026-08-17,AGENT_BEHAVIOR,CLOSED
COMP0000197,A003228,2026-02-11,TOO_MANY_CALLS,RESOLVED
COMP0000198,A002148,2025-12-15,AGENT_BEHAVIOR,OPEN
COMP0000199,A000754,2026-05-11,AGENT_BEHAVIOR,CLOSED
COMP0000200,A001734,2025-11-08,AGENT_BEHAVIOR,OPEN
COMP0000201,A000767,2026-07-12,OTHER,OPEN
COMP0000202,A003124,2026-04-17,OTHER,RESOLVED
COMP0000203,A003697,2026-01-06,TOO_MANY_CALLS,CLOSED
COMP0000204,A003628,2026-04-11,WRONG_PERSON,CLOSED
COMP0000205,A000504,2026-06-14,TOO_MANY_CALLS,OPEN
COMP0000206,A002465,2026-01-10,OTHER,OPEN
COMP0000207,A001836,2025-10-27,AGENT_BEHAVIOR,OPEN
COMP0000208,A001002,2026-07-22,WRONG_PERSON,CLOSED
COMP0000209,A000308,2025-10-15,TOO_MANY_CALLS,CLOSED
COMP0000210,A002835,2025-11-08,TOO_MANY_CALLS,CLOSED
COMP0000211,A004132,2025-12-06,OTHER,OPEN
COMP0000212,A000382,2026-01-12,AGENT_BEHAVIOR,RESOLVED
COMP0000213,A001056,2026-02-27,WRONG_PERSON,RESOLVED
COMP0000214,A001834,2025-12-02,WRONG_PERSON,OPEN
COMP0000215,A001730,2026-05-11,AGENT_BEHAVIOR,CLOSED
COMP0000216,A001317,2025-09-25,WRONG_PERSON,CLOSED
COMP0000217,A000924,2026-01-26,WRONG_PERSON,OPEN
COMP0000218,A002564,2025-09-16,TOO_MANY_CALLS,OPEN
COMP0000219,A001238,2026-01-19,TOO_MANY_CALLS,RESOLVED
COMP0000220,A001908,2026-06-25,AGENT_BEHAVIOR,CLOSED
COMP0000221,A001064,2026-03-11,OTHER,OPEN
COMP0000222,A003121,2026-03-12,OTHER,OPEN
COMP0000223,A001285,2026-02-19,OTHER,CLOSED
COMP0000224,A004197,2026-01-16,WRONG_PERSON,RESOLVED
COMP0000225,A003810,2025-12-13,WRONG_PERSON,CLOSED
COMP0000226,A000453,2026-04-24,OTHER,RESOLVED
COMP0000227,A001960,2025-10-01,TOO_MANY_CALLS,CLOSED
COMP0000228,A003203,2025-11-18,OTHER,RESOLVED
COMP0000229,A000302,2026-04-26,WRONG_PERSON,CLOSED
COMP0000230,A001168,2025-10-02,AGENT_BEHAVIOR,RESOLVED
COMP0000231,A003850,2025-12-22,OTHER,OPEN
COMP0000232,A000393,2026-03-13,WRONG_PERSON,RESOLVED
COMP0000233,A003301,2025-09-26,WRONG_PERSON,CLOSED
COMP0000234,A003303,2026-05-20,TOO_MANY_CALLS,CLOSED
COMP0000235,A002812,2026-01-08,TOO_MANY_CALLS,OPEN
COMP0000236,A000435,2026-02-06,WRONG_PERSON,CLOSED
COMP0000237,A002266,2025-10-03,TOO_MANY_CALLS,OPEN
COMP0000238,A003938,2026-01-06,AGENT_BEHAVIOR,RESOLVED
COMP0000239,A000084,2026-04-11,AGENT_BEHAVIOR,RESOLVED
COMP0000240,A001762,2026-06-23,OTHER,OPEN
COMP0000241,A001908,2026-03-14,AGENT_BEHAVIOR,CLOSED
COMP0000242,A001614,2026-07-04,WRONG_PERSON,OPEN
COMP0000243,A001342,2026-07-01,WRONG_PERSON,CLOSED
COMP0000244,A000123,2025-09-20,TOO_MANY_CALLS,CLOSED
COMP0000245,A000544,2026-04-10,OTHER,CLOSED
COMP0000246,A002995,2026-02-18,TOO_MANY_CALLS,RESOLVED
COMP0000247,A000095,2026-07-10,AGENT_BEHAVIOR,CLOSED
COMP0000248,A003631,2026-08-08,OTHER,CLOSED
COMP0000249,A002175,2026-08-14,OTHER,CLOSED
COMP0000250,A001159,2026-08-12,AGENT_BEHAVIOR,OPEN
COMP0000251,A000714,2026-08-03,OTHER,RESOLVED
COMP0000252,A002923,2026-07-10,TOO_MANY_CALLS,CLOSED
COMP0000253,A001005,2026-01-03,OTHER,RESOLVED
COMP0000254,A001804,2025-09-06,AGENT_BEHAVIOR,RESOLVED
COMP0000255,A004098,2026-07-02,WRONG_PERSON,OPEN
COMP0000256,A000191,2026-08-24,OTHER,OPEN
COMP0000257,A002078,2026-05-09,TOO_MANY_CALLS,RESOLVED
COMP0000258,A000688,2026-05-04,TOO_MANY_CALLS,CLOSED
COMP0000259,A000463,2026-05-07,WRONG_PERSON,CLOSED
COMP0000260,A001699,2026-08-05,OTHER,OPEN
COMP0000261,A001072,2025-11-15,WRONG_PERSON,RESOLVED
COMP0000262,A002652,2026-04-07,WRONG_PERSON,RESOLVED
COMP0000263,A002641,2025-11-07,OTHER,CLOSED
COMP0000264,A000033,2025-11-25,OTHER,OPEN
COMP0000265,A002266,2025-09-20,TOO_MANY_CALLS,CLOSED
COMP0000266,A003747,2025-10-21,TOO_MANY_CALLS,CLOSED
COMP0000267,A001741,2026-06-18,WRONG_PERSON,RESOLVED
COMP0000268,A000447,2026-03-14,AGENT_BEHAVIOR,OPEN
COMP0000269,A004073,2025-09-09,WRONG_PERSON,OPEN
COMP0000270,A001813,2025-09-05,OTHER,RESOLVED
COMP0000271,A001357,2026-07-22,TOO_MANY_CALLS,OPEN
COMP0000272,A002198,2025-12-18,AGENT_BEHAVIOR,OPEN
COMP0000273,A001830,2025-12-14,AGENT_BEHAVIOR,CLOSED
COMP0000274,A000205,2026-03-16,OTHER,RESOLVED
COMP0000275,A001573,2026-03-24,OTHER,OPEN
COMP0000276,A002487,2025-10-25,TOO_MANY_CALLS,OPEN
COMP0000277,A000484,2026-03-15,WRONG_PERSON,RESOLVED
COMP0000278,A000710,2025-10-12,TOO_MANY_CALLS,OPEN
COMP0000279,A002076,2025-10-24,TOO_MANY_CALLS,RESOLVED
COMP0000280,A001068,2025-11-22,AGENT_BEHAVIOR,OPEN
COMP0000281,A002737,2026-01-06,WRONG_PERSON,OPEN
COMP0000282,A003889,2026-06-04,WRONG_PERSON,RESOLVED
COMP0000283,A003913,2026-04-16,WRONG_PERSON,RESOLVED
COMP0000284,A003094,2025-12-27,AGENT_BEHAVIOR,OPEN
COMP0000285,A004140,2025-11-01,OTHER,OPEN
COMP0000286,A001863,2026-05-02,AGENT_BEHAVIOR,CLOSED
COMP0000287,A002662,2025-11-03,AGENT_BEHAVIOR,CLOSED
COMP0000288,A001837,2025-12-17,WRONG_PERSON,RESOLVED
COMP0000289,A000716,2026-03-19,AGENT_BEHAVIOR,OPEN
COMP0000290,A003171,2025-09-06,WRONG_PERSON,RESOLVED
COMP0000291,A003484,2025-12-10,OTHER,OPEN
COMP0000292,A003553,2026-04-04,OTHER,CLOSED
COMP0000293,A002952,2025-11-09,TOO_MANY_CALLS,CLOSED
COMP0000294,A003034,2025-12-10,AGENT_BEHAVIOR,CLOSED
COMP0000295,A000802,2026-03-16,WRONG_PERSON,OPEN
COMP0000296,A002922,2026-01-12,AGENT_BEHAVIOR,CLOSED
COMP0000297,A002830,2026-08-06,WRONG_PERSON,OPEN
COMP0000298,A001575,2026-08-25,WRONG_PERSON,RESOLVED
COMP0000299,A000847,2025-11-15,WRONG_PERSON,CLOSED
COMP0000300,A002609,2026-03-24,OTHER,CLOSED
COMP0000301,A000453,2026-08-23,OTHER,CLOSED
COMP0000302,A001396,2026-04-15,AGENT_BEHAVIOR,CLOSED
COMP0000303,A002883,2026-04-20,AGENT_BEHAVIOR,RESOLVED
COMP0000304,A003348,2026-08-03,TOO_MANY_CALLS,CLOSED
COMP0000305,A001453,2026-02-14,OTHER,OPEN
COMP0000306,A000035,2025-10-11,TOO_MANY_CALLS,RESOLVED
COMP0000307,A002759,2025-09-02,AGENT_BEHAVIOR,CLOSED
COMP0000308,A003295,2026-04-16,WRONG_PERSON,OPEN
COMP0000309,A000201,2026-05-01,AGENT_BEHAVIOR,CLOSED
COMP0000310,A000388,2026-06-11,AGENT_BEHAVIOR,OPEN
COMP0000311,A001637,2025-10-08,OTHER,CLOSED
COMP0000312,A002376,2026-05-20,WRONG_PERSON,OPEN
COMP0000313,A001509,2025-12-26,AGENT_BEHAVIOR,OPEN
COMP0000314,A000768,2026-04-05,WRONG_PERSON,CLOSED
COMP0000315,A002138,2026-05-26,WRONG_PERSON,RESOLVED
COMP0000316,A000415,2025-10-21,AGENT_BEHAVIOR,CLOSED
COMP0000317,A002483,2025-11-13,WRONG_PERSON,RESOLVED
COMP0000318,A000729,2025-12-22,WRONG_PERSON,OPEN
COMP0000319,A000012,2026-06-14,OTHER,OPEN
COMP0000320,A003867,2026-04-09,WRONG_PERSON,OPEN
COMP0000321,A003816,2026-02-18,TOO_MANY_CALLS,CLOSED
COMP0000322,A001638,2025-09-17,TOO_MANY_CALLS,OPEN
COMP0000323,A003081,2026-05-20,TOO_MANY_CALLS,CLOSED
COMP0000324,A000599,2025-10-19,TOO_MANY_CALLS,RESOLVED
COMP0000325,A001632,2026-01-12,OTHER,RESOLVED
COMP0000326,A002207,2026-01-04,AGENT_BEHAVIOR,CLOSED
COMP0000327,A001507,2026-07-17,OTHER,RESOLVED
COMP0000328,A004102,2026-06-23,WRONG_PERSON,RESOLVED
COMP0000329,A000884,2026-02-04,AGENT_BEHAVIOR,RESOLVED
COMP0000330,A000208,2026-02-07,WRONG_PERSON,RESOLVED
COMP0000331,A001575,2026-06-25,AGENT_BEHAVIOR,CLOSED
COMP0000332,A002414,2026-05-19,WRONG_PERSON,CLOSED
COMP0000333,A001497,2026-03-12,WRONG_PERSON,CLOSED
COMP0000334,A001547,2025-10-23,WRONG_PERSON,RESOLVED
COMP0000335,A003948,2026-02-16,WRONG_PERSON,RESOLVED
COMP0000336,A002590,2026-04-19,TOO_MANY_CALLS,OPEN
COMP0000337,A000055,2026-01-01,AGENT_BEHAVIOR,OPEN
COMP0000338,A004188,2026-01-19,WRONG_PERSON,CLOSED
COMP0000339,A000051,2026-08-14,TOO_MANY_CALLS,OPEN
COMP0000340,A003731,2025-11-18,OTHER,CLOSED
COMP0000341,A004170,2025-09-13,TOO_MANY_CALLS,RESOLVED
COMP0000342,A000749,2026-06-02,TOO_MANY_CALLS,CLOSED
COMP0000343,A000616,2025-10-11,TOO_MANY_CALLS,RESOLVED
COMP0000344,A004080,2026-04-12,WRONG_PERSON,RESOLVED
COMP0000345,A000685,2026-04-23,TOO_MANY_CALLS,RESOLVED
COMP0000346,A004197,2026-03-08,TOO_MANY_CALLS,CLOSED
COMP0000347,A003153,2026-05-26,OTHER,OPEN
COMP0000348,A001491,2025-12-17,OTHER,OPEN
COMP0000349,A002026,2026-05-22,AGENT_BEHAVIOR,CLOSED
COMP0000350,A004078,2026-05-14,TOO_MANY_CALLS,OPEN
COMP0000351,A003310,2026-06-24,OTHER,CLOSED
COMP0000352,A000189,2026-06-26,OTHER,OPEN
COMP0000353,A000446,2026-02-03,AGENT_BEHAVIOR,RESOLVED
COMP0000354,A003035,2026-01-14,OTHER,CLOSED
COMP0000355,A002814,2026-04-13,WRONG_PERSON,RESOLVED
COMP0000356,A000695,2025-09-13,AGENT_BEHAVIOR,OPEN
COMP0000357,A002009,2026-01-27,TOO_MANY_CALLS,RESOLVED
COMP0000358,A002135,2025-10-16,OTHER,RESOLVED
COMP0000359,A003660,2025-12-14,OTHER,OPEN
COMP0000360,A001477,2026-01-13,OTHER,RESOLVED
COMP0000361,A002026,2025-11-04,WRONG_PERSON,CLOSED
COMP0000362,A003202,2025-12-16,AGENT_BEHAVIOR,RESOLVED
COMP0000363,A000627,2026-06-07,OTHER,OPEN
COMP0000364,A000529,2025-10-27,AGENT_BEHAVIOR,RESOLVED
COMP0000365,A002784,2026-06-08,WRONG_PERSON,CLOSED
COMP0000366,A003753,2025-09-10,OTHER,OPEN
COMP0000367,A001345,2025-12-06,WRONG_PERSON,CLOSED
COMP0000368,A002939,2025-11-16,TOO_MANY_CALLS,RESOLVED
COMP0000369,A000256,2026-03-10,TOO_MANY_CALLS,CLOSED
COMP0000370,A001444,2026-01-08,OTHER,CLOSED
COMP0000371,A001977,2026-08-27,AGENT_BEHAVIOR,OPEN
COMP0000372,A000978,2025-11-12,OTHER,OPEN
COMP0000373,A002815,2026-06-17,AGENT_BEHAVIOR,RESOLVED
COMP0000374,A001105,2026-03-18,TOO_MANY_CALLS,RESOLVED
COMP0000375,A003069,2026-05-26,TOO_MANY_CALLS,OPEN
COMP0000376,A002070,2026-07-09,OTHER,CLOSED
COMP0000377,A003511,2026-01-11,WRONG_PERSON,CLOSED
COMP0000378,A001068,2026-03-02,AGENT_BEHAVIOR,OPEN
COMP0000379,A001214,2025-09-16,WRONG_PERSON,RESOLVED
COMP0000380,A000111,2026-05-03,WRONG_PERSON,RESOLVED
COMP0000381,A000405,2026-03-06,WRONG_PERSON,CLOSED
COMP0000382,A003984,2026-01-21,TOO_MANY_CALLS,RESOLVED
COMP0000383,A003520,2026-05-12,WRONG_PERSON,OPEN
COMP0000384,A001435,2025-09-09,AGENT_BEHAVIOR,CLOSED
COMP0000385,A004055,2026-02-02,TOO_MANY_CALLS,OPEN
COMP0000386,A000718,2025-12-25,AGENT_BEHAVIOR,CLOSED
COMP0000387,A000070,2026-05-21,TOO_MANY_CALLS,OPEN
COMP0000388,A001860,2025-10-01,AGENT_BEHAVIOR,CLOSED
COMP0000389,A001642,2026-05-20,TOO_MANY_CALLS,CLOSED
COMP0000390,A003226,2026-07-14,AGENT_BEHAVIOR,OPEN
COMP0000391,A001365,2026-06-16,WRONG_PERSON,RESOLVED
COMP0000392,A002625,2025-12-27,WRONG_PERSON,OPEN
COMP0000393,A004159,2026-05-07,OTHER,RESOLVED
COMP0000394,A002983,2026-08-21,AGENT_BEHAVIOR,RESOLVED
COMP0000395,A002655,2025-10-15,WRONG_PERSON,RESOLVED
COMP0000396,A002118,2026-01-26,TOO_MANY_CALLS,RESOLVED
COMP0000397,A003658,2026-05-21,OTHER,CLOSED
COMP0000398,A001312,2026-03-07,AGENT_BEHAVIOR,RESOLVED
COMP0000399,A000340,2026-02-11,TOO_MANY_CALLS,OPEN
COMP0000400,A001695,2026-05-15,TOO_MANY_CALLS,RESOLVED
COMP0000401,A001819,2025-11-22,TOO_MANY_CALLS,CLOSED
COMP0000402,A000432,2026-03-24,OTHER,RESOLVED
COMP0000403,A000637,2026-06-24,OTHER,CLOSED
COMP0000404,A001262,2025-09-08,WRONG_PERSON,OPEN
COMP0000405,A003367,2025-09-11,TOO_MANY_CALLS,OPEN
COMP0000406,A000471,2026-06-22,AGENT_BEHAVIOR,RESOLVED
COMP0000407,A002912,2026-02-23,AGENT_BEHAVIOR,CLOSED
COMP0000408,A001878,2025-10-04,OTHER,OPEN
COMP0000409,A000375,2026-01-13,AGENT_BEHAVIOR,RESOLVED
COMP0000410,A003133,2026-02-12,WRONG_PERSON,RESOLVED
COMP0000411,A002544,2026-02-25,AGENT_BEHAVIOR,CLOSED
COMP0000412,A000949,2026-02-01,TOO_MANY_CALLS,CLOSED
COMP0000413,A004035,2025-12-11,TOO_MANY_CALLS,RESOLVED
COMP0000414,A002574,2025-12-24,OTHER,OPEN
COMP0000415,A003015,2026-04-20,TOO_MANY_CALLS,RESOLVED
COMP0000416,A001431,2025-09-07,AGENT_BEHAVIOR,OPEN
COMP0000417,A002487,2025-12-21,TOO_MANY_CALLS,CLOSED
COMP0000418,A001033,2026-06-09,AGENT_BEHAVIOR,RESOLVED
COMP0000419,A000873,2026-06-25,OTHER,CLOSED
COMP0000420,A002884,2025-12-02,WRONG_PERSON,CLOSED
COMP0000421,A001331,2026-02-15,OTHER,RESOLVED
COMP0000422,A003792,2026-06-16,AGENT_BEHAVIOR,CLOSED
COMP0000423,A002313,2026-05-03,AGENT_BEHAVIOR,OPEN
COMP0000424,A002826,2025-12-24,TOO_MANY_CALLS,RESOLVED
COMP0000425,A001151,2026-02-25,WRONG_PERSON,OPEN
COMP0000426,A000186,2025-11-14,TOO_MANY_CALLS,OPEN
COMP0000427,A003257,2026-06-02,WRONG_PERSON,CLOSED
COMP0000428,A001074,2026-03-27,WRONG_PERSON,CLOSED
COMP0000429,A002527,2026-04-05,OTHER,CLOSED
COMP0000430,A000523,2026-05-22,TOO_MANY_CALLS,CLOSED
COMP0000431,A002855,2025-12-12,TOO_MANY_CALLS,OPEN
COMP0000432,A002021,2026-05-09,TOO_MANY_CALLS,OPEN
COMP0000433,A002938,2026-01-10,WRONG_PERSON,OPEN
COMP0000434,A000980,2026-07-19,OTHER,CLOSED
COMP0000435,A003446,2026-01-02,OTHER,CLOSED
COMP0000436,A003938,2026-08-03,WRONG_PERSON,RESOLVED
COMP0000437,A004047,2025-10-10,WRONG_PERSON,RESOLVED
COMP0000438,A004138,2026-07-21,TOO_MANY_CALLS,OPEN
COMP0000439,A002562,2026-01-11,OTHER,CLOSED
COMP0000440,A000908,2026-01-15,OTHER,RESOLVED
COMP0000441,A001684,2026-04-11,OTHER,RESOLVED
COMP0000442,A002625,2026-06-15,OTHER,OPEN
COMP0000443,A004137,2025-11-23,AGENT_BEHAVIOR,CLOSED
COMP0000444,A000863,2025-11-05,WRONG_PERSON,OPEN
COMP0000445,A003264,2026-08-20,AGENT_BEHAVIOR,CLOSED
COMP0000446,A000559,2026-02-05,TOO_MANY_CALLS,OPEN
COMP0000447,A003674,2026-01-06,TOO_MANY_CALLS,OPEN
COMP0000448,A001025,2026-03-01,TOO_MANY_CALLS,RESOLVED
COMP0000449,A001220,2026-06-19,WRONG_PERSON,CLOSED
COMP0000450,A000907,2025-09-01,WRONG_PERSON,RESOLVED
COMP0000451,A002170,2026-05-14,WRONG_PERSON,RESOLVED
COMP0000452,A002322,2025-11-15,AGENT_BEHAVIOR,RESOLVED
COMP0000453,A002171,2025-12-16,OTHER,RESOLVED
COMP0000454,A001164,2025-10-17,OTHER,OPEN
COMP0000455,A001695,2025-09-06,TOO_MANY_CALLS,CLOSED
COMP0000456,A001622,2026-04-09,AGENT_BEHAVIOR,RESOLVED
COMP0000457,A000062,2026-02-10,TOO_MANY_CALLS,RESOLVED
COMP0000458,A003919,2025-09-19,WRONG_PERSON,RESOLVED
COMP0000459,A001700,2026-05-19,AGENT_BEHAVIOR,OPEN
COMP0000460,A000835,2025-11-10,AGENT_BEHAVIOR,CLOSED
COMP0000461,A003780,2025-11-14,TOO_MANY_CALLS,CLOSED
COMP0000462,A002994,2025-11-20,WRONG_PERSON,CLOSED
COMP0000463,A001178,2026-02-24,TOO_MANY_CALLS,OPEN
COMP0000464,A003918,2026-02-19,WRONG_PERSON,CLOSED
COMP0000465,A002334,2025-12-13,TOO_MANY_CALLS,RESOLVED
COMP0000466,A004153,2026-04-25,OTHER,CLOSED
COMP0000467,A003343,2025-12-25,AGENT_BEHAVIOR,OPEN
COMP0000468,A000451,2026-06-18,OTHER,OPEN
COMP0000469,A001168,2026-07-08,TOO_MANY_CALLS,RESOLVED
COMP0000470,A001593,2026-04-04,AGENT_BEHAVIOR,CLOSED
COMP0000471,A003209,2026-02-04,WRONG_PERSON,RESOLVED
COMP0000472,A002158,2026-05-10,AGENT_BEHAVIOR,RESOLVED
COMP0000473,A002641,2026-07-03,TOO_MANY_CALLS,RESOLVED
COMP0000474,A001323,2026-06-02,OTHER,OPEN
COMP0000475,A003642,2026-03-23,AGENT_BEHAVIOR,CLOSED
COMP0000476,A003745,2026-07-12,AGENT_BEHAVIOR,CLOSED
COMP0000477,A000126,2026-04-05,TOO_MANY_CALLS,RESOLVED
COMP0000478,A001087,2026-01-13,OTHER,RESOLVED
COMP0000479,A001823,2026-08-09,AGENT_BEHAVIOR,RESOLVED
COMP0000480,A002460,2025-09-07,TOO_MANY_CALLS,OPEN
COMP0000481,A003014,2025-10-17,OTHER,OPEN
COMP0000482,A000179,2026-05-17,AGENT_BEHAVIOR,OPEN
COMP0000483,A001231,2026-05-10,AGENT_BEHAVIOR,OPEN
COMP0000484,A002921,2026-05-01,TOO_MANY_CALLS,OPEN
COMP0000485,A003995,2026-02-21,WRONG_PERSON,CLOSED
COMP0000486,A003776,2026-06-13,TOO_MANY_CALLS,CLOSED
COMP0000487,A003521,2026-05-15,TOO_MANY_CALLS,RESOLVED
COMP0000488,A003551,2026-04-18,OTHER,CLOSED
COMP0000489,A001700,2025-09-22,OTHER,CLOSED
COMP0000490,A002843,2026-01-12,OTHER,OPEN
COMP0000491,A002737,2025-11-05,TOO_MANY_CALLS,RESOLVED
COMP0000492,A000905,2026-04-17,WRONG_PERSON,RESOLVED
COMP0000493,A003057,2026-03-05,WRONG_PERSON,CLOSED
COMP0000494,A002914,2026-02-18,OTHER,CLOSED
COMP0000495,A000729,2025-12-06,OTHER,RESOLVED
COMP0000496,A002470,2025-09-15,TOO_MANY_CALLS,OPEN
COMP0000497,A001252,2026-01-18,OTHER,CLOSED
COMP0000498,A000540,2026-08-06,AGENT_BEHAVIOR,OPEN
COMP0000499,A003410,2026-04-04,TOO_MANY_CALLS,RESOLVED
COMP0000500,A002320,2025-11-10,TOO_MANY_CALLS,RESOLVED
COMP0000501,A003362,2025-11-01,OTHER,RESOLVED
COMP0000502,A002320,2026-02-01,WRONG_PERSON,OPEN
COMP0000503,A001627,2026-07-09,WRONG_PERSON,OPEN
COMP0000504,A000081,2026-01-08,OTHER,RESOLVED
COMP0000505,A002473,2025-12-17,TOO_MANY_CALLS,RESOLVED
COMP0000506,A001678,2025-09-11,AGENT_BEHAVIOR,RESOLVED
COMP0000507,A001719,2026-07-21,TOO_MANY_CALLS,OPEN
COMP0000508,A000365,2026-02-23,TOO_MANY_CALLS,RESOLVED
COMP0000509,A001584,2026-01-27,TOO_MANY_CALLS,CLOSED
COMP0000510,A000622,2026-01-06,TOO_MANY_CALLS,CLOSED
COMP0000511,A002196,2025-10-20,WRONG_PERSON,RESOLVED
COMP0000512,A002823,2025-12-27,AGENT_BEHAVIOR,RESOLVED
COMP0000513,A001838,2026-04-21,TOO_MANY_CALLS,OPEN
COMP0000514,A003058,2026-01-18,WRONG_PERSON,CLOSED
COMP0000515,A001161,2025-11-06,WRONG_PERSON,OPEN
COMP0000516,A000710,2026-02-01,TOO_MANY_CALLS,RESOLVED
COMP0000517,A001666,2026-06-12,TOO_MANY_CALLS,RESOLVED
COMP0000518,A003740,2025-11-16,AGENT_BEHAVIOR,RESOLVED
COMP0000519,A001807,2025-09-06,OTHER,RESOLVED
COMP0000520,A001489,2025-09-15,OTHER,OPEN
COMP0000521,A002493,2026-05-23,AGENT_BEHAVIOR,CLOSED
COMP0000522,A000402,2025-12-19,TOO_MANY_CALLS,CLOSED
COMP0000523,A001315,2025-12-16,WRONG_PERSON,OPEN
COMP0000524,A002055,2026-05-27,AGENT_BEHAVIOR,RESOLVED
COMP0000525,A000373,2026-03-14,WRONG_PERSON,OPEN
COMP0000526,A000557,2026-02-18,AGENT_BEHAVIOR,CLOSED
COMP0000527,A001864,2026-05-20,TOO_MANY_CALLS,RESOLVED
COMP0000528,A000344,2025-09-08,WRONG_PERSON,OPEN
COMP0000529,A003881,2025-12-02,TOO_MANY_CALLS,CLOSED
COMP0000530,A003361,2025-09-02,AGENT_BEHAVIOR,CLOSED
COMP0000531,A002896,2026-08-04,AGENT_BEHAVIOR,CLOSED
COMP0000532,A003895,2026-05-08,WRONG_PERSON,RESOLVED
COMP0000533,A003745,2025-09-24,WRONG_PERSON,CLOSED
COMP0000534,A002502,2026-06-19,TOO_MANY_CALLS,OPEN
COMP0000535,A003296,2026-04-22,TOO_MANY_CALLS,OPEN
COMP0000536,A002801,2025-10-18,OTHER,RESOLVED
COMP0000537,A002932,2026-06-15,OTHER,RESOLVED
COMP0000538,A001106,2026-05-10,WRONG_PERSON,RESOLVED
COMP0000539,A003067,2026-08-04,AGENT_BEHAVIOR,RESOLVED
COMP0000540,A003938,2025-09-13,WRONG_PERSON,CLOSED
COMP0000541,A000579,2026-01-07,OTHER,OPEN
COMP0000542,A002115,2026-03-09,AGENT_BEHAVIOR,RESOLVED
COMP0000543,A002144,2026-07-09,OTHER,CLOSED
COMP0000544,A001952,2026-06-06,OTHER,CLOSED
COMP0000545,A002318,2025-11-24,AGENT_BEHAVIOR,OPEN
COMP0000546,A000610,2025-12-20,WRONG_PERSON,RESOLVED
COMP0000547,A003381,2026-06-10,WRONG_PERSON,RESOLVED
COMP0000548,A003880,2026-07-18,OTHER,RESOLVED
COMP0000549,A000847,2025-12-12,OTHER,CLOSED
COMP0000550,A003896,2026-07-27,WRONG_PERSON,OPEN
COMP0000551,A004168,2026-04-03,WRONG_PERSON,OPEN
COMP0000552,A003105,2026-08-16,WRONG_PERSON,RESOLVED
COMP0000553,A003655,2025-10-01,WRONG_PERSON,CLOSED
COMP0000554,A002726,2025-11-23,TOO_MANY_CALLS,OPEN
COMP0000555,A003684,2025-09-12,OTHER,RESOLVED
COMP0000556,A000271,2026-03-25,AGENT_BEHAVIOR,RESOLVED
COMP0000557,A003494,2026-03-18,WRONG_PERSON,CLOSED
COMP0000558,A001626,2026-06-26,TOO_MANY_CALLS,OPEN
COMP0000559,A000280,2026-07-19,TOO_MANY_CALLS,RESOLVED
COMP0000560,A001836,2025-09-05,AGENT_BEHAVIOR,RESOLVED
COMP0000561,A002876,2025-10-12,AGENT_BEHAVIOR,OPEN
COMP0000562,A002773,2025-11-08,WRONG_PERSON,OPEN
COMP0000563,A000730,2025-10-12,AGENT_BEHAVIOR,CLOSED
COMP0000564,A001035,2026-01-26,TOO_MANY_CALLS,RESOLVED
COMP0000565,A001797,2025-12-20,AGENT_BEHAVIOR,CLOSED
COMP0000566,A001340,2025-12-12,TOO_MANY_CALLS,CLOSED
COMP0000567,A001095,2026-04-26,AGENT_BEHAVIOR,OPEN
COMP0000568,A000462,2026-05-12,TOO_MANY_CALLS,RESOLVED
COMP0000569,A003549,2026-01-11,AGENT_BEHAVIOR,OPEN
COMP0000570,A003482,2026-08-19,WRONG_PERSON,RESOLVED
COMP0000571,A000602,2025-09-20,TOO_MANY_CALLS,RESOLVED
COMP0000572,A002802,2026-07-27,AGENT_BEHAVIOR,CLOSED
COMP0000573,A001132,2026-06-08,WRONG_PERSON,RESOLVED
COMP0000574,A001728,2025-09-15,OTHER,OPEN
COMP0000575,A003628,2026-06-26,TOO_MANY_CALLS,RESOLVED
COMP0000576,A000405,2026-05-14,WRONG_PERSON,CLOSED
COMP0000577,A001586,2026-04-08,WRONG_PERSON,OPEN
COMP0000578,A002719,2026-08-26,OTHER,OPEN
COMP0000579,A001045,2026-04-21,WRONG_PERSON,CLOSED
COMP0000580,A003376,2026-04-09,TOO_MANY_CALLS,CLOSED
COMP0000581,A003008,2025-10-21,OTHER,OPEN
COMP0000582,A002216,2026-04-10,AGENT_BEHAVIOR,CLOSED
COMP0000583,A002420,2026-05-20,OTHER,CLOSED
COMP0000584,A003378,2026-03-27,TOO_MANY_CALLS,OPEN
COMP0000585,A004098,2025-09-04,TOO_MANY_CALLS,OPEN
COMP0000586,A003651,2026-02-26,OTHER,CLOSED
COMP0000587,A003301,2026-07-06,OTHER,CLOSED
COMP0000588,A000704,2025-11-19,AGENT_BEHAVIOR,RESOLVED
COMP0000589,A004145,2026-04-01,AGENT_BEHAVIOR,OPEN
COMP0000590,A002048,2026-07-02,TOO_MANY_CALLS,RESOLVED
COMP0000591,A003245,2026-03-16,TOO_MANY_CALLS,OPEN
COMP0000592,A001772,2026-06-18,TOO_MANY_CALLS,OPEN
COMP0000593,A003788,2026-07-02,WRONG_PERSON,CLOSED
COMP0000594,A002572,2026-06-16,OTHER,OPEN
COMP0000595,A002640,2026-07-05,AGENT_BEHAVIOR,OPEN
COMP0000596,A003821,2025-09-26,OTHER,CLOSED
COMP0000597,A000333,2026-05-12,AGENT_BEHAVIOR,OPEN
COMP0000598,A000655,2026-04-09,TOO_MANY_CALLS,RESOLVED
COMP0000599,A002513,2026-03-06,OTHER,CLOSED
COMP0000600,A002940,2025-09-07,TOO_MANY_CALLS,OPEN
COMP0000601,A002673,2025-12-21,WRONG_PERSON,RESOLVED
COMP0000602,A003077,2025-09-02,OTHER,CLOSED
COMP0000603,A003035,2026-06-03,TOO_MANY_CALLS,CLOSED
COMP0000604,A003506,2026-04-12,AGENT_BEHAVIOR,OPEN
COMP0000605,A003540,2026-05-27,WRONG_PERSON,CLOSED
COMP0000606,A000847,2026-08-11,OTHER,CLOSED
COMP0000607,A001344,2026-04-08,OTHER,CLOSED
COMP0000608,A000980,2026-06-09,OTHER,CLOSED
COMP0000609,A000256,2025-09-11,WRONG_PERSON,OPEN
COMP0000610,A000285,2026-08-19,OTHER,CLOSED
COMP0000611,A004064,2025-10-04,TOO_MANY_CALLS,RESOLVED
COMP0000612,A000255,2026-04-14,AGENT_BEHAVIOR,RESOLVED
COMP0000613,A002361,2026-03-21,WRONG_PERSON,RESOLVED
COMP0000614,A001706,2026-07-13,WRONG_PERSON,OPEN
COMP0000615,A003291,2025-10-26,OTHER,RESOLVED
COMP0000616,A002598,2026-06-24,WRONG_PERSON,OPEN
COMP0000617,A001826,2026-07-21,AGENT_BEHAVIOR,RESOLVED
COMP0000618,A002007,2026-01-10,AGENT_BEHAVIOR,CLOSED
COMP0000619,A001174,2026-08-05,TOO_MANY_CALLS,CLOSED
COMP0000620,A002620,2026-04-04,OTHER,OPEN
COMP0000621,A003749,2025-12-26,TOO_MANY_CALLS,RESOLVED
COMP0000622,A001288,2026-01-07,WRONG_PERSON,CLOSED
COMP0000623,A000983,2026-03-09,AGENT_BEHAVIOR,OPEN
COMP0000624,A000021,2025-12-01,OTHER,CLOSED
COMP0000625,A003476,2026-02-14,OTHER,CLOSED
COMP0000626,A002834,2025-09-25,TOO_MANY_CALLS,RESOLVED
COMP0000627,A000245,2025-09-05,OTHER,RESOLVED
COMP0000628,A001390,2025-10-07,TOO_MANY_CALLS,OPEN
COMP0000629,A003150,2026-08-18,TOO_MANY_CALLS,CLOSED
COMP0000630,A003168,2026-04-06,AGENT_BEHAVIOR,RESOLVED
COMP0000631,A003624,2026-03-07,WRONG_PERSON,RESOLVED
COMP0000632,A001098,2026-05-13,WRONG_PERSON,OPEN
COMP0000633,A003918,2025-09-16,WRONG_PERSON,OPEN
COMP0000634,A001572,2025-10-23,AGENT_BEHAVIOR,CLOSED
COMP0000635,A001052,2026-05-05,WRONG_PERSON,RESOLVED
COMP0000636,A000417,2025-11-26,TOO_MANY_CALLS,CLOSED
COMP0000637,A003943,2026-02-09,AGENT_BEHAVIOR,OPEN
COMP0000638,A000890,2025-12-19,TOO_MANY_CALLS,RESOLVED
COMP0000639,A000751,2025-10-25,WRONG_PERSON,CLOSED
COMP0000640,A003283,2026-06-09,OTHER,OPEN
COMP0000641,A004050,2026-04-15,OTHER,OPEN
COMP0000642,A003069,2026-06-10,WRONG_PERSON,OPEN
COMP0000643,A000570,2025-09-27,TOO_MANY_CALLS,CLOSED
COMP0000644,A003023,2026-02-04,WRONG_PERSON,RESOLVED
COMP0000645,A003311,2026-02-20,OTHER,RESOLVED
COMP0000646,A000316,2026-02-10,TOO_MANY_CALLS,CLOSED
COMP0000647,A003603,2026-03-20,AGENT_BEHAVIOR,RESOLVED
COMP0000648,A001707,2025-09-10,AGENT_BEHAVIOR,RESOLVED
COMP0000649,A002792,2026-06-16,TOO_MANY_CALLS,RESOLVED
COMP0000650,A003564,2025-09-06,WRONG_PERSON,CLOSED
COMP0000651,A001518,2026-05-22,AGENT_BEHAVIOR,CLOSED
COMP0000652,A002114,2026-06-01,OTHER,RESOLVED
COMP0000653,A003789,2025-09-13,OTHER,CLOSED
COMP0000654,A002154,2025-12-25,AGENT_BEHAVIOR,OPEN
COMP0000655,A000155,2026-05-21,WRONG_PERSON,CLOSED
COMP0000656,A002327,2026-01-25,WRONG_PERSON,OPEN
COMP0000657,A000597,2026-01-19,WRONG_PERSON,CLOSED
COMP0000658,A004052,2025-11-09,WRONG_PERSON,CLOSED
COMP0000659,A000939,2026-02-09,TOO_MANY_CALLS,RESOLVED
COMP0000660,A000130,2025-11-18,OTHER,OPEN
COMP0000661,A000593,2026-05-09,AGENT_BEHAVIOR,OPEN
COMP0000662,A003349,2026-06-20,TOO_MANY_CALLS,OPEN
COMP0000663,A002153,2026-06-27,OTHER,RESOLVED
COMP0000664,A003987,2026-05-17,WRONG_PERSON,RESOLVED
COMP0000665,A003767,2026-07-13,TOO_MANY_CALLS,RESOLVED
COMP0000666,A001392,2026-03-16,AGENT_BEHAVIOR,RESOLVED
COMP0000667,A000713,2026-02-12,AGENT_BEHAVIOR,OPEN
COMP0000668,A001026,2026-03-07,AGENT_BEHAVIOR,OPEN
COMP0000669,A001878,2026-03-19,TOO_MANY_CALLS,RESOLVED
COMP0000670,A000256,2025-12-21,TOO_MANY_CALLS,RESOLVED
COMP0000671,A004184,2026-08-07,TOO_MANY_CALLS,OPEN
COMP0000672,A002454,2026-05-24,AGENT_BEHAVIOR,OPEN
COMP0000673,A003185,2026-08-27,AGENT_BEHAVIOR,OPEN
COMP0000674,A002703,2026-05-24,WRONG_PERSON,OPEN
COMP0000675,A001601,2026-02-21,TOO_MANY_CALLS,RESOLVED
COMP0000676,A001310,2026-02-23,OTHER,OPEN
COMP0000677,A000422,2025-12-03,OTHER,OPEN
COMP0000678,A001414,2025-12-08,OTHER,RESOLVED
COMP0000679,A003642,2026-02-17,OTHER,OPEN
COMP0000680,A003232,2026-05-06,AGENT_BEHAVIOR,OPEN
COMP0000681,A000703,2026-07-19,OTHER,RESOLVED
COMP0000682,A002763,2026-05-03,TOO_MANY_CALLS,RESOLVED
COMP0000683,A002877,2025-09-09,TOO_MANY_CALLS,RESOLVED
COMP0000684,A001761,2025-10-23,OTHER,OPEN
COMP0000685,A001395,2025-11-04,AGENT_BEHAVIOR,RESOLVED
COMP0000686,A001662,2026-04-24,WRONG_PERSON,CLOSED
COMP0000687,A002346,2026-03-08,AGENT_BEHAVIOR,RESOLVED
COMP0000688,A001850,2025-10-16,TOO_MANY_CALLS,RESOLVED
COMP0000689,A000826,2026-02-18,OTHER,OPEN
COMP0000690,A001034,2026-03-17,WRONG_PERSON,RESOLVED
COMP0000691,A003217,2026-07-13,TOO_MANY_CALLS,OPEN
COMP0000692,A000193,2025-11-03,TOO_MANY_CALLS,RESOLVED
COMP0000693,A001524,2026-04-17,AGENT_BEHAVIOR,OPEN
COMP0000694,A001864,2025-09-03,AGENT_BEHAVIOR,CLOSED
COMP0000695,A002693,2025-12-13,TOO_MANY_CALLS,CLOSED
COMP0000696,A002950,2026-07-04,WRONG_PERSON,OPEN
COMP0000697,A002867,2026-03-22,AGENT_BEHAVIOR,OPEN
COMP0000698,A001362,2025-10-11,TOO_MANY_CALLS,OPEN
COMP0000699,A003142,2026-02-01,AGENT_BEHAVIOR,RESOLVED
COMP0000700,A002112,2026-02-08,OTHER,RESOLVED
COMP0000701,A001471,2026-08-10,TOO_MANY_CALLS,RESOLVED
COMP0000702,A002463,2026-08-12,WRONG_PERSON,RESOLVED
COMP0000703,A002438,2026-08-21,OTHER,OPEN
COMP0000704,A004127,2026-07-21,OTHER,CLOSED
COMP0000705,A002590,2026-01-26,AGENT_BEHAVIOR,RESOLVED
COMP0000706,A001558,2026-03-20,OTHER,CLOSED
COMP0000707,A003402,2026-03-27,TOO_MANY_CALLS,RESOLVED
COMP0000708,A000577,2026-07-02,WRONG_PERSON,RESOLVED
COMP0000709,A000898,2026-01-15,AGENT_BEHAVIOR,RESOLVED
COMP0000710,A000464,2026-01-11,WRONG_PERSON,RESOLVED
COMP0000711,A003057,2026-08-14,WRONG_PERSON,RESOLVED
COMP0000712,A002312,2026-06-17,WRONG_PERSON,OPEN
COMP0000713,A001795,2025-11-11,OTHER,CLOSED
COMP0000714,A003704,2026-06-26,TOO_MANY_CALLS,OPEN
COMP0000715,A004065,2026-05-24,OTHER,RESOLVED
COMP0000716,A001627,2025-11-08,OTHER,CLOSED
COMP0000717,A003966,2026-01-10,WRONG_PERSON,OPEN
COMP0000718,A001728,2026-08-12,AGENT_BEHAVIOR,OPEN
COMP0000719,A003658,2026-07-26,WRONG_PERSON,RESOLVED
COMP0000720,A003943,2026-02-19,TOO_MANY_CALLS,CLOSED
COMP0000721,A002600,2026-08-15,AGENT_BEHAVIOR,CLOSED
COMP0000722,A000502,2025-10-20,AGENT_BEHAVIOR,CLOSED
COMP0000723,A003442,2025-10-25,TOO_MANY_CALLS,CLOSED
COMP0000724,A001469,2025-09-27,TOO_MANY_CALLS,RESOLVED
COMP0000725,A000045,2026-06-21,WRONG_PERSON,OPEN
COMP0000726,A002724,2026-05-05,AGENT_BEHAVIOR,OPEN
COMP0000727,A002689,2025-11-24,TOO_MANY_CALLS,RESOLVED
COMP0000728,A001517,2026-05-02,OTHER,OPEN
COMP0000729,A003046,2026-01-26,TOO_MANY_CALLS,OPEN
COMP0000730,A001517,2026-06-04,AGENT_BEHAVIOR,CLOSED
COMP0000731,A001600,2026-03-01,WRONG_PERSON,RESOLVED
COMP0000732,A002633,2026-04-14,TOO_MANY_CALLS,RESOLVED
COMP0000733,A000054,2026-07-02,OTHER,CLOSED
COMP0000734,A002344,2025-11-24,AGENT_BEHAVIOR,CLOSED
COMP0000735,A002237,2026-04-27,OTHER,CLOSED
COMP0000736,A003818,2026-05-18,TOO_MANY_CALLS,RESOLVED
COMP0000737,A001958,2026-04-04,WRONG_PERSON,CLOSED
COMP0000738,A003997,2026-01-08,OTHER,RESOLVED
COMP0000739,A003873,2025-10-26,TOO_MANY_CALLS,OPEN
COMP0000740,A001695,2026-05-11,WRONG_PERSON,RESOLVED
COMP0000741,A002879,2025-09-16,TOO_MANY_CALLS,OPEN
COMP0000742,A001813,2025-09-25,OTHER,OPEN
COMP0000743,A001248,2025-12-20,TOO_MANY_CALLS,RESOLVED
COMP0000744,A001936,2026-04-14,TOO_MANY_CALLS,CLOSED
COMP0000745,A001533,2025-11-14,TOO_MANY_CALLS,CLOSED
COMP0000746,A003271,2026-04-01,TOO_MANY_CALLS,OPEN
COMP0000747,A003986,2026-07-19,WRONG_PERSON,OPEN
COMP0000748,A000577,2025-10-03,TOO_MANY_CALLS,RESOLVED
COMP0000749,A002590,2025-12-05,TOO_MANY_CALLS,RESOLVED
COMP0000750,A002923,2026-05-17,TOO_MANY_CALLS,OPEN
COMP0000751,A003204,2025-12-01,WRONG_PERSON,OPEN
COMP0000752,A002717,2026-04-21,AGENT_BEHAVIOR,CLOSED
COMP0000753,A002249,2026-02-23,WRONG_PERSON,CLOSED
COMP0000754,A002263,2026-03-01,TOO_MANY_CALLS,RESOLVED
COMP0000755,A001856,2026-05-21,WRONG_PERSON,RESOLVED
COMP0000756,A001153,2026-01-17,AGENT_BEHAVIOR,CLOSED
COMP0000757,A002826,2026-04-12,AGENT_BEHAVIOR,OPEN
COMP0000758,A000447,2026-08-22,WRONG_PERSON,CLOSED
COMP0000759,A003862,2026-06-17,AGENT_BEHAVIOR,OPEN
COMP0000760,A003555,2026-07-23,WRONG_PERSON,CLOSED
COMP0000761,A001878,2026-02-15,TOO_MANY_CALLS,OPEN
COMP0000762,A002128,2025-10-17,AGENT_BEHAVIOR,CLOSED
COMP0000763,A002107,2026-03-24,AGENT_BEHAVIOR,OPEN
COMP0000764,A001506,2026-03-17,TOO_MANY_CALLS,CLOSED
COMP0000765,A004050,2026-03-25,OTHER,OPEN
COMP0000766,A003819,2025-11-23,TOO_MANY_CALLS,RESOLVED
COMP0000767,A000648,2026-06-15,WRONG_PERSON,RESOLVED
COMP0000768,A003309,2026-06-19,OTHER,RESOLVED
COMP0000769,A002073,2026-06-15,OTHER,CLOSED
COMP0000770,A002664,2026-04-24,TOO_MANY_CALLS,CLOSED
COMP0000771,A000915,2026-02-17,TOO_MANY_CALLS,CLOSED
COMP0000772,A001583,2026-08-11,OTHER,CLOSED
COMP0000773,A003276,2026-05-18,TOO_MANY_CALLS,OPEN
COMP0000774,A003698,2026-01-15,OTHER,OPEN
COMP0000775,A000464,2026-06-13,WRONG_PERSON,CLOSED
COMP0000776,A001502,2025-10-11,TOO_MANY_CALLS,OPEN
COMP0000777,A000613,2025-11-22,WRONG_PERSON,CLOSED
COMP0000778,A001079,2026-02-14,OTHER,CLOSED
COMP0000779,A001438,2026-06-07,WRONG_PERSON,CLOSED
COMP0000780,A002397,2026-08-12,OTHER,OPEN
COMP0000781,A000201,2025-10-24,OTHER,RESOLVED
COMP0000782,A002015,2026-02-13,OTHER,CLOSED
COMP0000783,A001876,2026-03-22,WRONG_PERSON,RESOLVED
COMP0000784,A001052,2026-08-17,WRONG_PERSON,OPEN
COMP0000785,A001920,2026-06-11,OTHER,CLOSED
COMP0000786,A003613,2026-04-02,OTHER,RESOLVED
COMP0000787,A002803,2026-07-07,TOO_MANY_CALLS,OPEN
COMP0000788,A000172,2026-05-21,OTHER,CLOSED
COMP0000789,A002778,2026-02-05,OTHER,OPEN
COMP0000790,A000163,2026-01-22,AGENT_BEHAVIOR,CLOSED
COMP0000791,A001121,2026-03-14,WRONG_PERSON,RESOLVED
COMP0000792,A002073,2026-06-17,TOO_MANY_CALLS,RESOLVED
COMP0000793,A000795,2026-04-10,OTHER,CLOSED
COMP0000794,A003598,2026-04-15,WRONG_PERSON,OPEN
COMP0000795,A001544,2026-06-13,AGENT_BEHAVIOR,CLOSED
COMP0000796,A003552,2025-09-14,OTHER,CLOSED
COMP0000797,A004194,2026-07-16,TOO_MANY_CALLS,RESOLVED
COMP0000798,A003032,2026-02-24,OTHER,OPEN
COMP0000799,A000162,2026-01-10,AGENT_BEHAVIOR,RESOLVED
COMP0000800,A003798,2025-10-01,OTHER,OPEN
COMP0000801,A000380,2026-06-01,OTHER,RESOLVED
COMP0000802,A001658,2026-05-11,TOO_MANY_CALLS,CLOSED
COMP0000803,A001354,2026-07-26,OTHER,OPEN
COMP0000804,A001998,2025-09-08,TOO_MANY_CALLS,OPEN
COMP0000805,A002181,2026-08-16,TOO_MANY_CALLS,CLOSED
COMP0000806,A002210,2026-04-24,OTHER,RESOLVED
COMP0000807,A002622,2026-05-05,OTHER,OPEN
COMP0000808,A001375,2025-10-07,OTHER,OPEN
COMP0000809,A001850,2025-12-19,WRONG_PERSON,RESOLVED
COMP0000810,A002811,2026-06-04,WRONG_PERSON,OPEN
COMP0000811,A000729,2026-02-19,WRONG_PERSON,CLOSED
COMP0000812,A003458,2026-03-22,WRONG_PERSON,RESOLVED
COMP0000813,A003286,2025-11-20,OTHER,CLOSED
COMP0000814,A000562,2025-11-24,TOO_MANY_CALLS,CLOSED
COMP0000815,A003324,2025-10-09,OTHER,CLOSED
COMP0000816,A000573,2026-07-20,WRONG_PERSON,OPEN
COMP0000817,A000536,2026-04-10,WRONG_PERSON,OPEN
COMP0000818,A003850,2026-04-14,WRONG_PERSON,CLOSED
COMP0000819,A002236,2025-09-21,OTHER,OPEN
COMP0000820,A000690,2026-01-19,WRONG_PERSON,OPEN
COMP0000821,A002763,2025-09-20,OTHER,OPEN
COMP0000822,A000097,2025-12-01,TOO_MANY_CALLS,RESOLVED
COMP0000823,A001850,2026-04-20,TOO_MANY_CALLS,OPEN
COMP0000824,A004159,2026-02-04,WRONG_PERSON,OPEN
COMP0000825,A003964,2026-03-22,TOO_MANY_CALLS,CLOSED
COMP0000826,A002369,2025-11-01,OTHER,RESOLVED
COMP0000827,A001972,2025-11-22,OTHER,CLOSED
COMP0000828,A002858,2026-01-01,OTHER,OPEN
COMP0000829,A002605,2026-07-20,AGENT_BEHAVIOR,CLOSED
COMP0000830,A002956,2026-04-24,OTHER,OPEN
COMP0000831,A003212,2025-09-23,OTHER,RESOLVED
COMP0000832,A000930,2026-03-02,AGENT_BEHAVIOR,RESOLVED
COMP0000833,A003095,2025-11-14,OTHER,OPEN
COMP0000834,A000947,2026-03-04,TOO_MANY_CALLS,CLOSED
COMP0000835,A003007,2025-12-16,OTHER,CLOSED
COMP0000836,A003493,2026-06-10,AGENT_BEHAVIOR,OPEN
COMP0000837,A002958,2026-02-19,AGENT_BEHAVIOR,CLOSED
COMP0000838,A001605,2026-02-07,OTHER,RESOLVED
COMP0000839,A000855,2025-11-25,TOO_MANY_CALLS,RESOLVED
COMP0000840,A002071,2026-05-10,OTHER,RESOLVED
COMP0000841,A000886,2026-06-10,WRONG_PERSON,CLOSED
COMP0000842,A001928,2026-07-07,OTHER,RESOLVED
COMP0000843,A002809,2026-02-06,OTHER,OPEN
COMP0000844,A002602,2026-08-01,TOO_MANY_CALLS,CLOSED
COMP0000845,A003257,2026-05-10,AGENT_BEHAVIOR,RESOLVED
COMP0000846,A003338,2026-04-22,OTHER,OPEN
COMP0000847,A000537,2026-03-09,TOO_MANY_CALLS,OPEN
COMP0000848,A002715,2026-04-14,WRONG_PERSON,CLOSED
COMP0000849,A003647,2026-07-01,WRONG_PERSON,CLOSED
COMP0000850,A002096,2026-07-07,AGENT_BEHAVIOR,OPEN
COMP0000851,A003792,2026-02-20,AGENT_BEHAVIOR,CLOSED
COMP0000852,A001436,2026-07-22,OTHER,CLOSED
COMP0000853,A004042,2025-10-08,OTHER,CLOSED
COMP0000854,A001713,2026-04-20,TOO_MANY_CALLS,RESOLVED
COMP0000855,A003229,2025-11-03,OTHER,RESOLVED
COMP0000856,A003931,2026-04-20,AGENT_BEHAVIOR,RESOLVED
COMP0000857,A001826,2026-06-09,TOO_MANY_CALLS,OPEN
COMP0000858,A004146,2025-09-21,WRONG_PERSON,OPEN
COMP0000859,A002423,2025-12-02,WRONG_PERSON,CLOSED
COMP0000860,A002477,2025-10-21,OTHER,CLOSED
COMP0000861,A001961,2026-05-01,AGENT_BEHAVIOR,RESOLVED
COMP0000862,A001531,2026-08-18,TOO_MANY_CALLS,RESOLVED
COMP0000863,A003533,2026-02-09,TOO_MANY_CALLS,CLOSED
COMP0000864,A002157,2025-11-03,WRONG_PERSON,OPEN
COMP0000865,A000716,2026-01-16,AGENT_BEHAVIOR,CLOSED
COMP0000866,A002925,2026-01-18,WRONG_PERSON,RESOLVED
COMP0000867,A000241,2026-08-12,WRONG_PERSON,OPEN
COMP0000868,A003347,2026-08-15,WRONG_PERSON,CLOSED
COMP0000869,A002342,2026-08-04,AGENT_BEHAVIOR,RESOLVED
COMP0000870,A003554,2026-03-10,OTHER,OPEN
COMP0000871,A000587,2025-12-20,OTHER,RESOLVED
COMP0000872,A002813,2026-06-13,WRONG_PERSON,CLOSED
COMP0000873,A001498,2026-01-20,OTHER,RESOLVED
COMP0000874,A001207,2026-07-16,TOO_MANY_CALLS,RESOLVED
COMP0000875,A000337,2026-05-02,TOO_MANY_CALLS,CLOSED
COMP0000876,A001478,2026-01-16,AGENT_BEHAVIOR,CLOSED
COMP0000877,A004158,2026-04-18,AGENT_BEHAVIOR,OPEN
COMP0000878,A001739,2025-11-12,TOO_MANY_CALLS,RESOLVED
COMP0000879,A004180,2026-01-16,WRONG_PERSON,CLOSED
COMP0000880,A000727,2025-09-14,TOO_MANY_CALLS,CLOSED
COMP0000881,A004189,2026-01-20,OTHER,CLOSED
COMP0000882,A002880,2026-07-16,WRONG_PERSON,RESOLVED
COMP0000883,A001862,2026-08-21,OTHER,CLOSED
COMP0000884,A002957,2026-04-27,WRONG_PERSON,RESOLVED
COMP0000885,A003260,2026-01-06,TOO_MANY_CALLS,RESOLVED
COMP0000886,A002222,2026-02-01,AGENT_BEHAVIOR,RESOLVED
COMP0000887,A003942,2026-03-06,TOO_MANY_CALLS,CLOSED
COMP0000888,A003456,2026-06-10,TOO_MANY_CALLS,CLOSED
COMP0000889,A003599,2026-04-22,AGENT_BEHAVIOR,OPEN
COMP0000890,A003463,2025-12-23,TOO_MANY_CALLS,RESOLVED
COMP0000891,A003739,2025-12-03,AGENT_BEHAVIOR,RESOLVED
COMP0000892,A002133,2025-10-15,TOO_MANY_CALLS,OPEN
COMP0000893,A001013,2026-04-08,OTHER,RESOLVED
COMP0000894,A001720,2026-01-09,TOO_MANY_CALLS,OPEN
COMP0000895,A000296,2026-01-05,TOO_MANY_CALLS,RESOLVED
COMP0000896,A002429,2025-10-05,AGENT_BEHAVIOR,RESOLVED
COMP0000897,A001209,2025-11-24,AGENT_BEHAVIOR,RESOLVED
COMP0000898,A004137,2026-08-24,TOO_MANY_CALLS,OPEN
COMP0000899,A001762,2026-03-19,WRONG_PERSON,RESOLVED
COMP0000900,A001625,2026-03-25,TOO_MANY_CALLS,CLOSED
COMP0000901,A000060,2025-12-05,OTHER,OPEN
COMP0000902,A000693,2025-12-06,OTHER,RESOLVED
COMP0000903,A002227,2025-12-19,AGENT_BEHAVIOR,RESOLVED
COMP0000904,A002099,2026-05-07,TOO_MANY_CALLS,RESOLVED
COMP0000905,A001253,2026-03-10,AGENT_BEHAVIOR,OPEN
COMP0000906,A000502,2025-12-14,AGENT_BEHAVIOR,CLOSED
COMP0000907,A003801,2026-07-13,TOO_MANY_CALLS,OPEN
COMP0000908,A002401,2026-01-19,TOO_MANY_CALLS,CLOSED
COMP0000909,A004186,2026-01-10,WRONG_PERSON,CLOSED
COMP0000910,A002446,2026-07-01,WRONG_PERSON,CLOSED
COMP0000911,A000816,2025-09-18,OTHER,RESOLVED
COMP0000912,A000958,2026-07-02,OTHER,CLOSED
COMP0000913,A000786,2025-12-22,TOO_MANY_CALLS,CLOSED
COMP0000914,A003639,2026-03-06,AGENT_BEHAVIOR,OPEN
COMP0000915,A002826,2026-01-06,OTHER,OPEN
COMP0000916,A002116,2026-04-24,TOO_MANY_CALLS,CLOSED
COMP0000917,A001521,2026-07-04,AGENT_BEHAVIOR,CLOSED
COMP0000918,A003215,2026-08-19,TOO_MANY_CALLS,RESOLVED
COMP0000919,A002111,2026-04-16,AGENT_BEHAVIOR,OPEN
COMP0000920,A001326,2025-09-20,TOO_MANY_CALLS,CLOSED
COMP0000921,A001657,2025-11-03,TOO_MANY_CALLS,OPEN
COMP0000922,A002612,2026-07-11,WRONG_PERSON,OPEN
COMP0000923,A000649,2026-04-22,WRONG_PERSON,OPEN
COMP0000924,A003889,2026-06-23,AGENT_BEHAVIOR,CLOSED
COMP0000925,A003057,2026-06-03,WRONG_PERSON,OPEN
COMP0000926,A000928,2026-03-08,OTHER,OPEN
COMP0000927,A000431,2026-01-11,AGENT_BEHAVIOR,CLOSED
COMP0000928,A001160,2026-02-09,WRONG_PERSON,RESOLVED
COMP0000929,A001616,2025-11-05,OTHER,RESOLVED
COMP0000930,A002662,2026-04-20,OTHER,CLOSED
COMP0000931,A003733,2025-10-27,TOO_MANY_CALLS,CLOSED
COMP0000932,A000139,2026-03-10,AGENT_BEHAVIOR,CLOSED
COMP0000933,A000419,2026-07-02,TOO_MANY_CALLS,RESOLVED
COMP0000934,A000835,2026-01-08,TOO_MANY_CALLS,CLOSED
COMP0000935,A002157,2025-12-21,OTHER,OPEN
COMP0000936,A000241,2026-01-27,TOO_MANY_CALLS,OPEN
COMP0000937,A001974,2026-05-24,OTHER,OPEN
COMP0000938,A001621,2025-12-22,AGENT_BEHAVIOR,CLOSED
COMP0000939,A003904,2026-01-02,WRONG_PERSON,OPEN
COMP0000940,A001931,2026-02-06,TOO_MANY_CALLS,RESOLVED
COMP0000941,A002059,2026-03-27,OTHER,OPEN
COMP0000942,A002921,2026-07-22,AGENT_BEHAVIOR,OPEN
COMP0000943,A001118,2026-03-15,OTHER,OPEN
COMP0000944,A000861,2026-08-24,TOO_MANY_CALLS,CLOSED
COMP0000945,A000519,2025-11-13,TOO_MANY_CALLS,CLOSED
COMP0000946,A003821,2026-01-22,OTHER,OPEN
COMP0000947,A000944,2026-08-27,WRONG_PERSON,CLOSED
COMP0000948,A002272,2026-07-25,OTHER,RESOLVED
COMP0000949,A000783,2026-02-03,OTHER,RESOLVED
COMP0000950,A003126,2026-05-01,WRONG_PERSON,CLOSED
COMP0000951,A002030,2026-07-09,AGENT_BEHAVIOR,CLOSED
COMP0000952,A000836,2026-01-23,TOO_MANY_CALLS,OPEN
COMP0000953,A003564,2026-02-17,TOO_MANY_CALLS,CLOSED
COMP0000954,A001895,2025-10-06,TOO_MANY_CALLS,CLOSED
COMP0000955,A001898,2026-04-21,WRONG_PERSON,RESOLVED
COMP0000956,A000374,2026-06-18,OTHER,OPEN
COMP0000957,A003900,2025-12-02,AGENT_BEHAVIOR,OPEN
COMP0000958,A002901,2026-04-06,AGENT_BEHAVIOR,OPEN
COMP0000959,A003573,2026-07-10,TOO_MANY_CALLS,OPEN
COMP0000960,A002691,2025-10-19,WRONG_PERSON,RESOLVED
COMP0000961,A000697,2025-09-15,AGENT_BEHAVIOR,CLOSED
COMP0000962,A001879,2026-07-20,WRONG_PERSON,OPEN
COMP0000963,A000454,2026-07-20,AGENT_BEHAVIOR,OPEN
COMP0000964,A001906,2026-02-24,TOO_MANY_CALLS,CLOSED
COMP0000965,A000339,2025-12-02,TOO_MANY_CALLS,OPEN
COMP0000966,A001738,2025-09-08,AGENT_BEHAVIOR,OPEN
COMP0000967,A001613,2026-08-02,TOO_MANY_CALLS,RESOLVED
COMP0000968,A000940,2026-07-18,WRONG_PERSON,OPEN
COMP0000969,A004067,2026-05-19,OTHER,RESOLVED
COMP0000970,A001624,2025-11-21,WRONG_PERSON,RESOLVED
COMP0000971,A001975,2026-01-08,WRONG_PERSON,RESOLVED
COMP0000972,A000121,2025-10-22,WRONG_PERSON,OPEN
COMP0000973,A001831,2026-04-24,WRONG_PERSON,RESOLVED
COMP0000974,A000818,2026-03-07,TOO_MANY_CALLS,RESOLVED
COMP0000975,A002116,2026-05-21,TOO_MANY_CALLS,CLOSED
COMP0000976,A003464,2026-07-18,OTHER,OPEN
COMP0000977,A000048,2025-10-04,OTHER,RESOLVED
COMP0000978,A000144,2026-01-13,AGENT_BEHAVIOR,RESOLVED
COMP0000979,A001087,2026-02-08,WRONG_PERSON,CLOSED
COMP0000980,A000890,2026-08-17,AGENT_BEHAVIOR,CLOSED
COMP0000981,A001662,2025-09-22,OTHER,CLOSED
COMP0000982,A002187,2026-04-15,AGENT_BEHAVIOR,RESOLVED
COMP0000983,A001038,2026-07-03,AGENT_BEHAVIOR,OPEN
COMP0000984,A000165,2026-08-13,WRONG_PERSON,RESOLVED
COMP0000985,A002725,2025-09-10,TOO_MANY_CALLS,RESOLVED
COMP0000986,A002643,2026-02-18,OTHER,CLOSED
COMP0000987,A002389,2026-01-16,WRONG_PERSON,OPEN
COMP0000988,A003862,2025-10-01,AGENT_BEHAVIOR,RESOLVED
COMP0000989,A000214,2026-07-06,TOO_MANY_CALLS,RESOLVED
COMP0000990,A002955,2026-05-16,AGENT_BEHAVIOR,CLOSED
COMP0000991,A002484,2025-09-09,WRONG_PERSON,OPEN
COMP0000992,A001154,2026-07-11,OTHER,OPEN
COMP0000993,A003066,2026-08-08,TOO_MANY_CALLS,OPEN
COMP0000994,A000586,2025-09-18,TOO_MANY_CALLS,RESOLVED
COMP0000995,A000694,2026-03-21,AGENT_BEHAVIOR,OPEN
COMP0000996,A001058,2026-01-03,AGENT_BEHAVIOR,OPEN
COMP0000997,A002523,2025-10-06,AGENT_BEHAVIOR,CLOSED
COMP0000998,A001885,2025-09-06,TOO_MANY_CALLS,OPEN
COMP0000999,A002407,2026-02-20,OTHER,CLOSED
COMP0001000,A003535,2026-05-13,TOO_MANY_CALLS,CLOSED
COMP0001001,A001102,2026-02-11,TOO_MANY_CALLS,OPEN
COMP0001002,A002673,2026-05-20,TOO_MANY_CALLS,RESOLVED
COMP0001003,A000590,2026-01-11,WRONG_PERSON,RESOLVED
COMP0001004,A000412,2025-11-03,TOO_MANY_CALLS,RESOLVED
COMP0001005,A000707,2025-09-04,OTHER,OPEN
COMP0001006,A001510,2026-02-27,OTHER,RESOLVED
COMP0001007,A000047,2026-08-14,OTHER,RESOLVED
COMP0001008,A003662,2026-02-19,WRONG_PERSON,OPEN
COMP0001009,A002495,2026-06-04,AGENT_BEHAVIOR,CLOSED
COMP0001010,A003314,2025-09-20,AGENT_BEHAVIOR,CLOSED
COMP0001011,A003739,2026-07-20,WRONG_PERSON,OPEN
COMP0001012,A001942,2025-09-10,TOO_MANY_CALLS,CLOSED
COMP0001013,A002484,2025-09-07,WRONG_PERSON,RESOLVED
COMP0001014,A002392,2026-07-17,WRONG_PERSON,OPEN
COMP0001015,A001529,2026-02-13,TOO_MANY_CALLS,RESOLVED
COMP0001016,A003291,2026-01-10,AGENT_BEHAVIOR,CLOSED
COMP0001017,A004103,2026-01-23,OTHER,RESOLVED
COMP0001018,A002557,2026-08-10,AGENT_BEHAVIOR,CLOSED
COMP0001019,A003380,2025-12-25,TOO_MANY_CALLS,CLOSED
COMP0001020,A003574,2026-01-05,TOO_MANY_CALLS,OPEN
COMP0001021,A003934,2025-09-01,WRONG_PERSON,OPEN
COMP0001022,A001894,2026-01-02,TOO_MANY_CALLS,CLOSED
COMP0001023,A002806,2025-11-13,AGENT_BEHAVIOR,RESOLVED
COMP0001024,A003346,2026-02-17,TOO_MANY_CALLS,RESOLVED
COMP0001025,A003707,2026-06-13,WRONG_PERSON,CLOSED
COMP0001026,A000935,2026-06-11,WRONG_PERSON,CLOSED
COMP0001027,A002166,2026-02-14,OTHER,OPEN
COMP0001028,A003851,2025-12-19,OTHER,CLOSED
COMP0001029,A000553,2026-07-03,WRONG_PERSON,CLOSED
COMP0001030,A003096,2026-08-14,TOO_MANY_CALLS,OPEN
COMP0001031,A002513,2025-12-20,OTHER,OPEN
COMP0001032,A003916,2026-01-27,WRONG_PERSON,RESOLVED
COMP0001033,A003244,2026-01-18,TOO_MANY_CALLS,RESOLVED
COMP0001034,A002494,2026-01-17,WRONG_PERSON,OPEN
COMP0001035,A001194,2025-09-02,AGENT_BEHAVIOR,CLOSED
COMP0001036,A001792,2025-11-01,OTHER,CLOSED
COMP0001037,A001485,2025-09-18,WRONG_PERSON,CLOSED
COMP0001038,A003538,2025-11-08,AGENT_BEHAVIOR,CLOSED
COMP0001039,A003309,2026-03-11,AGENT_BEHAVIOR,OPEN
COMP0001040,A002582,2026-02-09,AGENT_BEHAVIOR,CLOSED
COMP0001041,A000029,2025-12-09,WRONG_PERSON,OPEN
COMP0001042,A004169,2025-09-09,OTHER,CLOSED
COMP0001043,A000680,2025-09-19,OTHER,RESOLVED
COMP0001044,A003967,2026-03-08,WRONG_PERSON,RESOLVED
COMP0001045,A001163,2026-08-10,AGENT_BEHAVIOR,OPEN
COMP0001046,A003858,2026-01-11,TOO_MANY_CALLS,CLOSED
COMP0001047,A001868,2025-10-07,OTHER,CLOSED
COMP0001048,A003904,2026-05-12,TOO_MANY_CALLS,RESOLVED
COMP0001049,A002042,2025-12-23,TOO_MANY_CALLS,OPEN
COMP0001050,A001297,2026-08-10,TOO_MANY_CALLS,CLOSED
COMP0001051,A003373,2026-06-06,AGENT_BEHAVIOR,CLOSED
COMP0001052,A001466,2026-08-04,TOO_MANY_CALLS,RESOLVED
COMP0001053,A004121,2026-05-17,AGENT_BEHAVIOR,CLOSED
COMP0001054,A002460,2026-03-21,AGENT_BEHAVIOR,CLOSED
COMP0001055,A002483,2026-08-23,AGENT_BEHAVIOR,CLOSED
COMP0001056,A000606,2026-06-25,TOO_MANY_CALLS,OPEN
COMP0001057,A003547,2026-03-18,TOO_MANY_CALLS,RESOLVED
COMP0001058,A003040,2026-08-01,OTHER,RESOLVED
COMP0001059,A000422,2026-05-01,OTHER,CLOSED
COMP0001060,A003029,2026-05-19,AGENT_BEHAVIOR,OPEN
COMP0001061,A001196,2026-08-22,TOO_MANY_CALLS,CLOSED
COMP0001062,A001319,2026-04-11,AGENT_BEHAVIOR,RESOLVED
COMP0001063,A000266,2026-01-18,WRONG_PERSON,OPEN
COMP0001064,A003497,2026-07-23,AGENT_BEHAVIOR,CLOSED
COMP0001065,A002779,2025-09-20,AGENT_BEHAVIOR,RESOLVED
COMP0001066,A002986,2026-08-20,TOO_MANY_CALLS,OPEN
COMP0001067,A004163,2025-11-05,OTHER,RESOLVED
COMP0001068,A002378,2025-12-09,AGENT_BEHAVIOR,CLOSED
COMP0001069,A002063,2025-09-13,WRONG_PERSON,OPEN
COMP0001070,A003992,2026-08-15,TOO_MANY_CALLS,OPEN
COMP0001071,A001254,2025-12-12,AGENT_BEHAVIOR,RESOLVED
COMP0001072,A002144,2025-11-16,TOO_MANY_CALLS,CLOSED
COMP0001073,A002281,2026-04-13,WRONG_PERSON,CLOSED
COMP0001074,A000163,2025-12-15,OTHER,OPEN
COMP0001075,A002528,2025-12-11,AGENT_BEHAVIOR,RESOLVED
COMP0001076,A000438,2026-05-23,OTHER,OPEN
COMP0001077,A001191,2026-01-24,WRONG_PERSON,OPEN
COMP0001078,A001324,2025-12-08,TOO_MANY_CALLS,RESOLVED
COMP0001079,A003034,2025-11-08,WRONG_PERSON,RESOLVED
COMP0001080,A001310,2026-01-13,OTHER,RESOLVED
COMP0001081,A003688,2026-02-02,TOO_MANY_CALLS,RESOLVED
COMP0001082,A003404,2026-01-13,TOO_MANY_CALLS,OPEN
COMP0001083,A003008,2025-09-14,OTHER,OPEN
COMP0001084,A002625,2026-02-23,OTHER,CLOSED
COMP0001085,A000322,2026-06-13,OTHER,RESOLVED
COMP0001086,A002798,2026-05-22,AGENT_BEHAVIOR,RESOLVED
COMP0001087,A001471,2026-07-23,WRONG_PERSON,RESOLVED
COMP0001088,A000810,2026-02-14,AGENT_BEHAVIOR,OPEN
COMP0001089,A001396,2026-06-08,TOO_MANY_CALLS,CLOSED
COMP0001090,A001801,2026-04-13,WRONG_PERSON,CLOSED
COMP0001091,A003228,2025-10-17,OTHER,OPEN
COMP0001092,A000556,2026-06-09,OTHER,CLOSED
COMP0001093,A002835,2025-12-05,AGENT_BEHAVIOR,OPEN
COMP0001094,A001980,2026-01-23,AGENT_BEHAVIOR,OPEN
COMP0001095,A001714,2026-08-24,OTHER,CLOSED
COMP0001096,A002646,2026-04-20,TOO_MANY_CALLS,CLOSED
COMP0001097,A000630,2026-08-06,TOO_MANY_CALLS,RESOLVED
COMP0001098,A004042,2026-08-06,OTHER,RESOLVED
COMP0001099,A000469,2025-10-19,OTHER,CLOSED
COMP0001100,A002306,2026-01-27,WRONG_PERSON,CLOSED
COMP0001101,A001643,2025-12-17,AGENT_BEHAVIOR,OPEN
COMP0001102,A003291,2026-07-06,TOO_MANY_CALLS,CLOSED
COMP0001103,A003543,2026-03-22,AGENT_BEHAVIOR,OPEN
COMP0001104,A002021,2025-11-27,OTHER,CLOSED
COMP0001105,A000238,2025-10-10,WRONG_PERSON,OPEN
COMP0001106,A000663,2026-08-17,WRONG_PERSON,RESOLVED
COMP0001107,A001086,2026-02-08,WRONG_PERSON,CLOSED
COMP0001108,A001772,2025-10-17,WRONG_PERSON,CLOSED
COMP0001109,A001631,2026-08-15,WRONG_PERSON,OPEN
COMP0001110,A002109,2026-01-12,AGENT_BEHAVIOR,CLOSED
COMP0001111,A002869,2026-01-04,WRONG_PERSON,RESOLVED
COMP0001112,A002665,2026-05-08,OTHER,CLOSED
COMP0001113,A004090,2026-06-15,TOO_MANY_CALLS,RESOLVED
COMP0001114,A003859,2025-12-18,AGENT_BEHAVIOR,CLOSED
COMP0001115,A000963,2025-10-27,AGENT_BEHAVIOR,CLOSED
COMP0001116,A001947,2026-02-16,WRONG_PERSON,CLOSED
COMP0001117,A004066,2026-07-23,AGENT_BEHAVIOR,CLOSED
COMP0001118,A001925,2025-11-02,WRONG_PERSON,RESOLVED
COMP0001119,A002269,2026-03-18,AGENT_BEHAVIOR,OPEN
COMP0001120,A002035,2026-04-18,AGENT_BEHAVIOR,RESOLVED
COMP0001121,A001035,2025-10-11,OTHER,OPEN
COMP0001122,A003946,2026-02-18,TOO_MANY_CALLS,CLOSED
COMP0001123,A001473,2026-05-24,WRONG_PERSON,RESOLVED
COMP0001124,A003916,2026-03-20,AGENT_BEHAVIOR,OPEN
COMP0001125,A001864,2026-04-11,AGENT_BEHAVIOR,OPEN
COMP0001126,A000618,2026-01-11,AGENT_BEHAVIOR,RESOLVED
COMP0001127,A004033,2026-05-16,OTHER,OPEN
COMP0001128,A001276,2025-12-02,TOO_MANY_CALLS,OPEN
COMP0001129,A002102,2026-05-03,AGENT_BEHAVIOR,CLOSED
COMP0001130,A002556,2025-11-23,OTHER,RESOLVED
COMP0001131,A002370,2026-01-09,OTHER,CLOSED
COMP0001132,A001606,2026-03-17,WRONG_PERSON,RESOLVED
COMP0001133,A002829,2026-07-16,WRONG_PERSON,RESOLVED
COMP0001134,A001430,2025-09-05,WRONG_PERSON,RESOLVED
COMP0001135,A000543,2026-02-05,WRONG_PERSON,CLOSED
COMP0001136,A003445,2025-11-17,AGENT_BEHAVIOR,CLOSED
COMP0001137,A001225,2026-07-21,AGENT_BEHAVIOR,OPEN
COMP0001138,A002514,2026-02-03,AGENT_BEHAVIOR,RESOLVED
COMP0001139,A000433,2026-03-21,WRONG_PERSON,RESOLVED
COMP0001140,A002963,2026-05-25,AGENT_BEHAVIOR,RESOLVED
COMP0001141,A002700,2025-09-20,OTHER,CLOSED
COMP0001142,A002892,2026-02-10,AGENT_BEHAVIOR,RESOLVED
COMP0001143,A000810,2026-01-03,WRONG_PERSON,OPEN
COMP0001144,A003980,2026-08-04,OTHER,CLOSED
COMP0001145,A000643,2026-02-16,TOO_MANY_CALLS,OPEN
COMP0001146,A003863,2025-11-02,OTHER,OPEN
COMP0001147,A002471,2025-09-26,AGENT_BEHAVIOR,RESOLVED
COMP0001148,A004134,2026-08-24,AGENT_BEHAVIOR,CLOSED
COMP0001149,A003702,2026-07-04,AGENT_BEHAVIOR,CLOSED
COMP0001150,A001287,2026-04-17,WRONG_PERSON,CLOSED
COMP0001151,A001434,2026-01-18,TOO_MANY_CALLS,RESOLVED
COMP0001152,A002037,2025-11-18,AGENT_BEHAVIOR,CLOSED
COMP0001153,A004003,2026-06-08,WRONG_PERSON,OPEN
COMP0001154,A002042,2026-05-01,OTHER,OPEN
COMP0001155,A001427,2026-04-21,WRONG_PERSON,OPEN
COMP0001156,A002096,2026-05-20,OTHER,RESOLVED
COMP0001157,A004008,2026-02-12,TOO_MANY_CALLS,RESOLVED
COMP0001158,A000398,2026-03-17,WRONG_PERSON,CLOSED
COMP0001159,A003143,2025-11-10,OTHER,OPEN
COMP0001160,A000361,2025-10-20,WRONG_PERSON,OPEN
COMP0001161,A001192,2025-10-14,AGENT_BEHAVIOR,RESOLVED
COMP0001162,A003035,2026-03-05,TOO_MANY_CALLS,OPEN
COMP0001163,A000512,2025-09-13,OTHER,CLOSED
COMP0001164,A001496,2025-12-11,OTHER,RESOLVED
COMP0001165,A001399,2026-01-22,AGENT_BEHAVIOR,CLOSED
COMP0001166,A004045,2026-02-11,TOO_MANY_CALLS,RESOLVED
COMP0001167,A003958,2026-07-17,OTHER,OPEN
COMP0001168,A004051,2025-11-03,AGENT_BEHAVIOR,CLOSED
COMP0001169,A001223,2026-03-01,AGENT_BEHAVIOR,OPEN
COMP0001170,A003127,2025-09-20,WRONG_PERSON,OPEN
COMP0001171,A000062,2025-11-03,WRONG_PERSON,CLOSED
COMP0001172,A001298,2026-04-11,OTHER,RESOLVED
COMP0001173,A003316,2026-02-18,AGENT_BEHAVIOR,OPEN
COMP0001174,A003288,2026-03-25,WRONG_PERSON,OPEN
COMP0001175,A002341,2026-05-24,OTHER,RESOLVED
COMP0001176,A000475,2026-02-03,WRONG_PERSON,OPEN
COMP0001177,A001154,2026-02-15,AGENT_BEHAVIOR,CLOSED
COMP0001178,A001882,2025-10-01,TOO_MANY_CALLS,OPEN
COMP0001179,A002094,2026-07-04,TOO_MANY_CALLS,OPEN
COMP0001180,A002114,2025-12-24,TOO_MANY_CALLS,OPEN
COMP0001181,A004065,2025-11-20,WRONG_PERSON,CLOSED
COMP0001182,A001218,2026-01-05,OTHER,CLOSED
COMP0001183,A003087,2026-08-27,WRONG_PERSON,RESOLVED
COMP0001184,A002957,2026-07-12,TOO_MANY_CALLS,RESOLVED
COMP0001185,A002940,2025-11-07,OTHER,OPEN
COMP0001186,A003807,2025-09-20,WRONG_PERSON,OPEN
COMP0001187,A000161,2026-03-13,TOO_MANY_CALLS,RESOLVED
COMP0001188,A001412,2025-12-03,OTHER,RESOLVED
COMP0001189,A001303,2026-02-11,WRONG_PERSON,RESOLVED
COMP0001190,A003576,2026-08-16,AGENT_BEHAVIOR,RESOLVED
COMP0001191,A000646,2025-10-01,WRONG_PERSON,OPEN
COMP0001192,A003510,2026-06-25,WRONG_PERSON,OPEN
COMP0001193,A003887,2025-11-06,TOO_MANY_CALLS,RESOLVED
COMP0001194,A002968,2026-05-13,AGENT_BEHAVIOR,CLOSED
COMP0001195,A000279,2026-07-26,OTHER,RESOLVED
COMP0001196,A002367,2026-06-19,WRONG_PERSON,CLOSED
COMP0001197,A001462,2026-04-20,TOO_MANY_CALLS,RESOLVED
COMP0001198,A001453,2026-01-05,WRONG_PERSON,OPEN
COMP0001199,A002307,2025-12-24,AGENT_BEHAVIOR,RESOLVED
COMP0001200,A003040,2026-01-09,OTHER,CLOSED
COMP0001201,A004089,2025-10-04,TOO_MANY_CALLS,RESOLVED
COMP0001202,A002684,2025-09-06,TOO_MANY_CALLS,CLOSED
COMP0001203,A002084,2026-05-11,TOO_MANY_CALLS,RESOLVED
COMP0001204,A003645,2026-05-01,WRONG_PERSON,RESOLVED
COMP0001205,A000433,2025-10-01,TOO_MANY_CALLS,RESOLVED
COMP0001206,A003714,2025-12-02,TOO_MANY_CALLS,CLOSED
COMP0001207,A000465,2026-01-26,AGENT_BEHAVIOR,OPEN
COMP0001208,A000951,2026-01-09,OTHER,RESOLVED
COMP0001209,A001935,2025-10-16,TOO_MANY_CALLS,OPEN
COMP0001210,A002877,2026-08-17,TOO_MANY_CALLS,RESOLVED
COMP0001211,A003387,2026-01-05,OTHER,RESOLVED
COMP0001212,A000026,2026-06-26,TOO_MANY_CALLS,CLOSED
COMP0001213,A000141,2025-11-15,OTHER,OPEN
COMP0001214,A003521,2026-02-04,TOO_MANY_CALLS,OPEN
COMP0001215,A000982,2026-05-07,TOO_MANY_CALLS,CLOSED
COMP0001216,A002307,2026-07-13,WRONG_PERSON,CLOSED
COMP0001217,A002997,2026-03-05,AGENT_BEHAVIOR,OPEN
COMP0001218,A004070,2025-09-10,TOO_MANY_CALLS,RESOLVED
COMP0001219,A002926,2025-09-26,AGENT_BEHAVIOR,CLOSED
COMP0001220,A002360,2026-03-11,AGENT_BEHAVIOR,RESOLVED
COMP0001221,A001740,2026-07-09,TOO_MANY_CALLS,OPEN
COMP0001222,A001815,2026-02-24,OTHER,CLOSED
COMP0001223,A001880,2025-10-26,OTHER,OPEN
COMP0001224,A004171,2026-01-14,WRONG_PERSON,RESOLVED
COMP0001225,A003832,2025-09-23,TOO_MANY_CALLS,RESOLVED
COMP0001226,A000720,2026-06-15,TOO_MANY_CALLS,CLOSED
COMP0001227,A001470,2026-02-16,AGENT_BEHAVIOR,CLOSED
COMP0001228,A001865,2025-10-24,WRONG_PERSON,CLOSED
COMP0001229,A003437,2026-01-16,AGENT_BEHAVIOR,CLOSED
COMP0001230,A004024,2025-10-27,AGENT_BEHAVIOR,RESOLVED
COMP0001231,A002087,2025-11-08,WRONG_PERSON,OPEN
COMP0001232,A002538,2026-02-16,AGENT_BEHAVIOR,CLOSED
COMP0001233,A002797,2026-08-02,AGENT_BEHAVIOR,RESOLVED
COMP0001234,A000357,2026-01-13,AGENT_BEHAVIOR,CLOSED
COMP0001235,A001575,2025-11-21,TOO_MANY_CALLS,CLOSED
COMP0001236,A002112,2026-08-21,AGENT_BEHAVIOR,OPEN
COMP0001237,A001201,2026-06-27,WRONG_PERSON,CLOSED
COMP0001238,A000934,2025-10-15,WRONG_PERSON,CLOSED
COMP0001239,A003997,2026-04-18,TOO_MANY_CALLS,CLOSED
COMP0001240,A000960,2026-01-15,TOO_MANY_CALLS,RESOLVED
COMP0001241,A001795,2026-06-23,TOO_MANY_CALLS,CLOSED
COMP0001242,A002341,2025-11-22,OTHER,CLOSED
COMP0001243,A004059,2026-03-24,TOO_MANY_CALLS,OPEN
COMP0001244,A001150,2026-04-07,WRONG_PERSON,CLOSED
COMP0001245,A000025,2026-04-27,TOO_MANY_CALLS,OPEN
COMP0001246,A002023,2025-10-05,TOO_MANY_CALLS,CLOSED
COMP0001247,A003078,2025-09-11,WRONG_PERSON,RESOLVED
COMP0001248,A001596,2026-01-06,TOO_MANY_CALLS,RESOLVED
COMP0001249,A000588,2026-06-18,WRONG_PERSON,OPEN
COMP0001250,A000590,2025-11-19,WRONG_PERSON,OPEN
COMP0001251,A000005,2026-03-23,AGENT_BEHAVIOR,OPEN
COMP0001252,A003329,2025-11-06,TOO_MANY_CALLS,CLOSED
COMP0001253,A004001,2026-05-06,OTHER,CLOSED
COMP0001254,A001752,2025-11-26,AGENT_BEHAVIOR,RESOLVED
COMP0001255,A002689,2026-07-06,AGENT_BEHAVIOR,CLOSED
COMP0001256,A001113,2025-09-25,TOO_MANY_CALLS,RESOLVED
COMP0001257,A002644,2026-08-11,WRONG_PERSON,OPEN
COMP0001258,A002267,2026-03-13,WRONG_PERSON,CLOSED
COMP0001259,A001973,2026-05-22,WRONG_PERSON,RESOLVED
COMP0001260,A001541,2026-02-17,AGENT_BEHAVIOR,CLOSED
COMP0001261,A002969,2026-05-17,TOO_MANY_CALLS,CLOSED
COMP0001262,A001743,2025-09-20,WRONG_PERSON,CLOSED
COMP0001263,A002827,2026-03-07,AGENT_BEHAVIOR,CLOSED
COMP0001264,A002825,2026-02-27,AGENT_BEHAVIOR,RESOLVED
COMP0001265,A001645,2025-09-24,TOO_MANY_CALLS,OPEN
COMP0001266,A003804,2026-06-24,TOO_MANY_CALLS,OPEN
COMP0001267,A003724,2025-09-22,WRONG_PERSON,CLOSED
COMP0001268,A000056,2026-08-24,TOO_MANY_CALLS,OPEN
COMP0001269,A002765,2025-12-07,WRONG_PERSON,RESOLVED
COMP0001270,A001938,2026-06-07,TOO_MANY_CALLS,RESOLVED
COMP0001271,A000376,2026-08-12,AGENT_BEHAVIOR,OPEN
COMP0001272,A003148,2026-02-06,OTHER,RESOLVED
COMP0001273,A002634,2025-12-18,TOO_MANY_CALLS,CLOSED
COMP0001274,A004162,2026-04-23,OTHER,OPEN
COMP0001275,A001166,2026-01-27,TOO_MANY_CALLS,RESOLVED
COMP0001276,A003104,2025-12-12,WRONG_PERSON,CLOSED
COMP0001277,A000696,2026-08-26,OTHER,OPEN
COMP0001278,A002367,2025-12-04,AGENT_BEHAVIOR,OPEN
COMP0001279,A002786,2025-11-03,TOO_MANY_CALLS,CLOSED
COMP0001280,A004060,2026-08-04,OTHER,CLOSED
COMP0001281,A003499,2025-10-09,OTHER,OPEN
COMP0001282,A003513,2026-02-18,WRONG_PERSON,RESOLVED
COMP0001283,A001874,2026-07-09,AGENT_BEHAVIOR,CLOSED
COMP0001284,A003547,2026-03-23,OTHER,OPEN
COMP0001285,A002715,2025-11-08,WRONG_PERSON,OPEN
COMP0001286,A002520,2026-03-08,OTHER,RESOLVED
COMP0001287,A002464,2026-02-05,AGENT_BEHAVIOR,CLOSED
COMP0001288,A000512,2025-11-26,OTHER,CLOSED
COMP0001289,A000668,2026-05-20,WRONG_PERSON,OPEN
COMP0001290,A001179,2026-05-11,AGENT_BEHAVIOR,RESOLVED
COMP0001291,A003665,2026-05-14,OTHER,CLOSED
COMP0001292,A002651,2026-07-02,WRONG_PERSON,OPEN
COMP0001293,A003321,2026-08-18,WRONG_PERSON,OPEN
COMP0001294,A000884,2026-06-22,TOO_MANY_CALLS,CLOSED
COMP0001295,A002002,2025-12-01,TOO_MANY_CALLS,OPEN
COMP0001296,A000573,2026-04-10,OTHER,CLOSED
COMP0001297,A001815,2025-11-15,WRONG_PERSON,RESOLVED
COMP0001298,A000779,2026-04-14,AGENT_BEHAVIOR,CLOSED
COMP0001299,A000295,2026-03-14,AGENT_BEHAVIOR,RESOLVED
COMP0001300,A001597,2025-09-06,OTHER,OPEN
COMP0001301,A002775,2026-08-19,AGENT_BEHAVIOR,CLOSED
COMP0001302,A002353,2026-05-09,AGENT_BEHAVIOR,CLOSED
COMP0001303,A001517,2026-03-10,TOO_MANY_CALLS,OPEN
COMP0001304,A001573,2026-01-01,TOO_MANY_CALLS,RESOLVED
COMP0001305,A002745,2026-06-11,AGENT_BEHAVIOR,OPEN
COMP0001306,A003911,2025-11-20,OTHER,RESOLVED
COMP0001307,A003291,2025-09-17,TOO_MANY_CALLS,RESOLVED
COMP0001308,A001343,2026-02-12,OTHER,CLOSED
COMP0001309,A003077,2026-06-03,WRONG_PERSON,CLOSED
COMP0001310,A001663,2026-07-12,OTHER,CLOSED
COMP0001311,A002135,2026-02-08,TOO_MANY_CALLS,RESOLVED
COMP0001312,A002242,2026-08-07,OTHER,RESOLVED
COMP0001313,A002938,2026-02-21,WRONG_PERSON,CLOSED
COMP0001314,A003423,2026-08-18,WRONG_PERSON,CLOSED
COMP0001315,A000406,2026-06-15,TOO_MANY_CALLS,OPEN
COMP0001316,A003138,2026-07-06,TOO_MANY_CALLS,CLOSED
COMP0001317,A004138,2026-01-21,OTHER,CLOSED
COMP0001318,A001909,2026-07-02,AGENT_BEHAVIOR,OPEN
COMP0001319,A000844,2026-08-18,WRONG_PERSON,RESOLVED
COMP0001320,A000990,2025-12-08,OTHER,CLOSED
COMP0001321,A003322,2026-06-25,TOO_MANY_CALLS,CLOSED
COMP0001322,A000987,2025-12-03,TOO_MANY_CALLS,RESOLVED
COMP0001323,A000925,2026-05-01,WRONG_PERSON,OPEN
COMP0001324,A000656,2026-02-22,OTHER,RESOLVED
COMP0001325,A001469,2025-11-23,AGENT_BEHAVIOR,OPEN
COMP0001326,A002834,2025-11-16,WRONG_PERSON,RESOLVED
COMP0001327,A002544,2026-03-12,WRONG_PERSON,OPEN
COMP0001328,A002872,2026-04-04,TOO_MANY_CALLS,OPEN
COMP0001329,A001344,2025-11-11,OTHER,CLOSED
COMP0001330,A002721,2025-12-07,WRONG_PERSON,CLOSED
COMP0001331,A000313,2025-09-27,WRONG_PERSON,CLOSED
COMP0001332,A002865,2026-04-05,AGENT_BEHAVIOR,RESOLVED
COMP0001333,A000649,2025-12-21,WRONG_PERSON,CLOSED
COMP0001334,A004075,2026-03-02,AGENT_BEHAVIOR,CLOSED
COMP0001335,A003136,2026-04-25,TOO_MANY_CALLS,RESOLVED
COMP0001336,A002231,2025-10-07,TOO_MANY_CALLS,RESOLVED
COMP0001337,A000706,2025-09-04,OTHER,RESOLVED
COMP0001338,A003370,2026-04-18,AGENT_BEHAVIOR,RESOLVED
COMP0001339,A002832,2025-11-03,AGENT_BEHAVIOR,RESOLVED
COMP0001340,A004165,2026-06-26,AGENT_BEHAVIOR,RESOLVED
COMP0001341,A000421,2025-09-06,OTHER,CLOSED
COMP0001342,A003536,2025-11-22,TOO_MANY_CALLS,RESOLVED
COMP0001343,A001084,2026-07-20,WRONG_PERSON,OPEN
COMP0001344,A001794,2026-07-05,OTHER,CLOSED
COMP0001345,A003168,2025-10-24,OTHER,RESOLVED
COMP0001346,A004119,2026-02-24,OTHER,CLOSED
COMP0001347,A000068,2025-11-19,OTHER,CLOSED
COMP0001348,A002369,2025-12-04,WRONG_PERSON,OPEN
COMP0001349,A001847,2026-08-05,TOO_MANY_CALLS,OPEN
COMP0001350,A002260,2026-02-17,AGENT_BEHAVIOR,RESOLVED
COMP0001351,A000118,2026-02-03,TOO_MANY_CALLS,CLOSED
COMP0001352,A003758,2025-12-07,OTHER,OPEN
COMP0001353,A002937,2025-11-13,AGENT_BEHAVIOR,OPEN
COMP0001354,A002820,2025-10-20,TOO_MANY_CALLS,RESOLVED
COMP0001355,A002297,2025-09-16,OTHER,RESOLVED
COMP0001356,A000572,2026-03-20,WRONG_PERSON,CLOSED
COMP0001357,A000243,2026-06-05,TOO_MANY_CALLS,OPEN
COMP0001358,A001782,2026-04-26,WRONG_PERSON,RESOLVED
COMP0001359,A003248,2026-07-02,WRONG_PERSON,RESOLVED
COMP0001360,A001047,2026-04-10,AGENT_BEHAVIOR,OPEN
COMP0001361,A002497,2026-05-19,OTHER,OPEN
COMP0001362,A001648,2025-12-21,WRONG_PERSON,CLOSED
COMP0001363,A001250,2026-05-13,WRONG_PERSON,CLOSED
COMP0001364,A002653,2026-04-18,TOO_MANY_CALLS,RESOLVED
COMP0001365,A000231,2025-09-25,TOO_MANY_CALLS,OPEN
COMP0001366,A000135,2025-11-03,OTHER,RESOLVED
COMP0001367,A002370,2025-10-24,TOO_MANY_CALLS,RESOLVED
COMP0001368,A002145,2026-05-03,TOO_MANY_CALLS,OPEN
COMP0001369,A000668,2025-10-01,TOO_MANY_CALLS,CLOSED
COMP0001370,A002370,2026-05-14,AGENT_BEHAVIOR,CLOSED
COMP0001371,A003259,2026-07-27,OTHER,OPEN
COMP0001372,A002965,2026-04-21,AGENT_BEHAVIOR,CLOSED
COMP0001373,A001363,2025-09-10,AGENT_BEHAVIOR,CLOSED
COMP0001374,A000759,2025-12-14,TOO_MANY_CALLS,CLOSED
COMP0001375,A003633,2026-01-26,AGENT_BEHAVIOR,OPEN
COMP0001376,A004169,2026-03-18,OTHER,CLOSED
COMP0001377,A002553,2026-06-15,WRONG_PERSON,RESOLVED
COMP0001378,A003523,2026-07-21,OTHER,RESOLVED
COMP0001379,A001854,2026-08-08,WRONG_PERSON,OPEN
COMP0001380,A000143,2026-07-12,OTHER,RESOLVED
COMP0001381,A001512,2025-09-05,OTHER,CLOSED
COMP0001382,A003921,2026-01-03,TOO_MANY_CALLS,OPEN
COMP0001383,A002300,2026-05-08,TOO_MANY_CALLS,CLOSED
COMP0001384,A002805,2025-10-02,OTHER,CLOSED
COMP0001385,A002688,2026-06-15,TOO_MANY_CALLS,RESOLVED
COMP0001386,A001638,2025-09-20,TOO_MANY_CALLS,RESOLVED
COMP0001387,A002566,2025-11-23,WRONG_PERSON,RESOLVED
COMP0001388,A001249,2025-09-14,WRONG_PERSON,CLOSED
COMP0001389,A003331,2026-05-07,OTHER,RESOLVED
COMP0001390,A001486,2026-06-25,TOO_MANY_CALLS,RESOLVED
COMP0001391,A003533,2026-01-11,OTHER,OPEN
COMP0001392,A002092,2025-11-21,OTHER,OPEN
COMP0001393,A004177,2026-05-19,TOO_MANY_CALLS,OPEN
COMP0001394,A000609,2026-08-11,OTHER,CLOSED
COMP0001395,A001906,2025-10-06,OTHER,CLOSED
COMP0001396,A000075,2025-12-15,WRONG_PERSON,OPEN
COMP0001397,A001030,2026-01-07,OTHER,CLOSED
COMP0001398,A000230,2026-03-25,AGENT_BEHAVIOR,OPEN
COMP0001399,A002196,2025-10-10,WRONG_PERSON,OPEN
COMP0001400,A001742,2025-11-06,OTHER,OPEN
COMP0001401,A002734,2026-02-10,AGENT_BEHAVIOR,RESOLVED
COMP0001402,A003811,2026-04-22,TOO_MANY_CALLS,RESOLVED
COMP0001403,A000525,2026-04-11,TOO_MANY_CALLS,RESOLVED
COMP0001404,A002146,2026-06-02,AGENT_BEHAVIOR,RESOLVED
COMP0001405,A002800,2026-08-07,TOO_MANY_CALLS,CLOSED
COMP0001406,A001108,2025-09-16,AGENT_BEHAVIOR,CLOSED
COMP0001407,A000211,2025-11-13,OTHER,CLOSED
COMP0001408,A004194,2026-03-05,WRONG_PERSON,RESOLVED
COMP0001409,A003605,2026-07-03,WRONG_PERSON,RESOLVED
COMP0001410,A002451,2025-10-17,OTHER,OPEN
COMP0001411,A004029,2026-06-17,AGENT_BEHAVIOR,RESOLVED
COMP0001412,A002337,2025-10-24,TOO_MANY_CALLS,OPEN
COMP0001413,A003265,2026-03-22,AGENT_BEHAVIOR,CLOSED
COMP0001414,A003491,2026-03-03,OTHER,CLOSED
COMP0001415,A003728,2026-01-03,OTHER,OPEN
COMP0001416,A001641,2026-06-25,OTHER,OPEN
COMP0001417,A001127,2026-03-07,OTHER,CLOSED
COMP0001418,A003938,2026-07-25,TOO_MANY_CALLS,OPEN
COMP0001419,A000565,2026-02-14,TOO_MANY_CALLS,RESOLVED
COMP0001420,A001648,2026-02-04,WRONG_PERSON,CLOSED
COMP0001421,A001201,2026-07-04,AGENT_BEHAVIOR,RESOLVED
COMP0001422,A000750,2026-02-02,OTHER,OPEN
COMP0001423,A000373,2026-05-06,AGENT_BEHAVIOR,RESOLVED
COMP0001424,A004001,2026-07-19,WRONG_PERSON,OPEN
COMP0001425,A003048,2026-03-12,OTHER,CLOSED
COMP0001426,A000732,2026-01-23,AGENT_BEHAVIOR,RESOLVED
COMP0001427,A002672,2026-06-16,WRONG_PERSON,OPEN
COMP0001428,A003128,2025-11-04,TOO_MANY_CALLS,RESOLVED
COMP0001429,A002595,2026-03-03,AGENT_BEHAVIOR,OPEN
COMP0001430,A002123,2025-11-08,TOO_MANY_CALLS,OPEN
COMP0001431,A001402,2025-11-09,AGENT_BEHAVIOR,OPEN
COMP0001432,A000440,2026-06-22,WRONG_PERSON,CLOSED
COMP0001433,A002070,2025-11-11,TOO_MANY_CALLS,CLOSED
COMP0001434,A002298,2026-06-04,WRONG_PERSON,CLOSED
COMP0001435,A002770,2026-01-02,WRONG_PERSON,RESOLVED
COMP0001436,A000004,2026-03-26,OTHER,OPEN
COMP0001437,A000795,2026-05-25,OTHER,RESOLVED
COMP0001438,A003391,2026-04-19,OTHER,OPEN
COMP0001439,A000352,2026-08-26,WRONG_PERSON,OPEN
COMP0001440,A003634,2026-03-09,OTHER,CLOSED
COMP0001441,A001723,2026-07-13,WRONG_PERSON,CLOSED
COMP0001442,A003071,2026-07-22,TOO_MANY_CALLS,OPEN
COMP0001443,A002386,2026-03-19,AGENT_BEHAVIOR,OPEN
COMP0001444,A001892,2026-05-01,TOO_MANY_CALLS,RESOLVED
COMP0001445,A000643,2026-08-01,AGENT_BEHAVIOR,CLOSED
COMP0001446,A003015,2026-06-22,AGENT_BEHAVIOR,CLOSED
COMP0001447,A001964,2026-05-12,OTHER,RESOLVED
COMP0001448,A002767,2026-02-14,AGENT_BEHAVIOR,RESOLVED
COMP0001449,A002582,2025-12-07,WRONG_PERSON,RESOLVED
COMP0001450,A002556,2025-12-25,TOO_MANY_CALLS,CLOSED
COMP0001451,A001523,2025-09-10,OTHER,CLOSED
COMP0001452,A000519,2026-08-08,TOO_MANY_CALLS,RESOLVED
COMP0001453,A002869,2026-02-24,OTHER,CLOSED
COMP0001454,A001959,2026-01-06,AGENT_BEHAVIOR,RESOLVED
COMP0001455,A003123,2025-11-12,OTHER,OPEN
COMP0001456,A004046,2026-01-12,WRONG_PERSON,RESOLVED
COMP0001457,A000287,2025-09-11,OTHER,OPEN
COMP0001458,A002918,2026-04-26,AGENT_BEHAVIOR,CLOSED
COMP0001459,A003081,2026-07-10,WRONG_PERSON,OPEN
COMP0001460,A003230,2026-07-15,WRONG_PERSON,CLOSED
COMP0001461,A001890,2026-02-18,OTHER,RESOLVED
COMP0001462,A003272,2025-10-23,OTHER,CLOSED
COMP0001463,A003928,2025-10-03,OTHER,CLOSED
COMP0001464,A002651,2025-11-27,AGENT_BEHAVIOR,OPEN
COMP0001465,A003835,2026-03-11,OTHER,CLOSED
COMP0001466,A000797,2026-04-25,WRONG_PERSON,RESOLVED
COMP0001467,A003701,2026-02-14,WRONG_PERSON,CLOSED
COMP0001468,A000778,2026-08-20,WRONG_PERSON,RESOLVED
COMP0001469,A003561,2026-04-08,WRONG_PERSON,CLOSED
COMP0001470,A000659,2026-05-22,TOO_MANY_CALLS,OPEN
COMP0001471,A002445,2026-05-24,OTHER,RESOLVED
COMP0001472,A003887,2026-05-24,WRONG_PERSON,CLOSED
COMP0001473,A001689,2026-04-17,TOO_MANY_CALLS,CLOSED
COMP0001474,A001530,2026-06-02,OTHER,OPEN
COMP0001475,A000024,2025-11-12,OTHER,CLOSED
COMP0001476,A001204,2026-06-12,AGENT_BEHAVIOR,OPEN
COMP0001477,A004078,2025-10-25,AGENT_BEHAVIOR,RESOLVED
COMP0001478,A000250,2025-12-27,TOO_MANY_CALLS,OPEN
COMP0001479,A004078,2026-01-15,AGENT_BEHAVIOR,OPEN
COMP0001480,A000777,2026-05-03,WRONG_PERSON,RESOLVED
COMP0001481,A002716,2025-09-02,OTHER,CLOSED
COMP0001482,A003341,2026-01-10,OTHER,OPEN
COMP0001483,A002664,2026-07-10,TOO_MANY_CALLS,OPEN
COMP0001484,A000834,2026-01-12,AGENT_BEHAVIOR,CLOSED
COMP0001485,A003193,2026-08-10,TOO_MANY_CALLS,OPEN
COMP0001486,A001365,2026-01-25,AGENT_BEHAVIOR,CLOSED
COMP0001487,A004176,2026-03-12,OTHER,RESOLVED
COMP0001488,A001092,2026-02-19,WRONG_PERSON,OPEN
COMP0001489,A002568,2026-05-02,AGENT_BEHAVIOR,OPEN
COMP0001490,A000160,2025-12-03,WRONG_PERSON,OPEN
COMP0001491,A000436,2026-02-18,OTHER,OPEN
COMP0001492,A004150,2025-10-01,AGENT_BEHAVIOR,CLOSED
COMP0001493,A001562,2026-03-27,TOO_MANY_CALLS,RESOLVED
COMP0001494,A003649,2026-06-25,AGENT_BEHAVIOR,CLOSED
COMP0001495,A002311,2026-05-02,WRONG_PERSON,OPEN
COMP0001496,A001946,2026-02-08,WRONG_PERSON,RESOLVED
COMP0001497,A000402,2026-02-17,TOO_MANY_CALLS,RESOLVED
COMP0001498,A001216,2025-09-14,OTHER,RESOLVED
COMP0001499,A000352,2026-05-05,WRONG_PERSON,OPEN
COMP0001500,A000032,2025-11-24,WRONG_PERSON,OPEN
COMP0001501,A001374,2026-06-26,OTHER,OPEN
COMP0001502,A002841,2026-06-17,TOO_MANY_CALLS,OPEN
COMP0001503,A000138,2026-04-24,TOO_MANY_CALLS,OPEN
COMP0001504,A003051,2026-03-26,TOO_MANY_CALLS,RESOLVED
COMP0001505,A002885,2026-06-04,TOO_MANY_CALLS,OPEN
COMP0001506,A000422,2025-12-03,AGENT_BEHAVIOR,RESOLVED
COMP0001507,A001956,2026-07-03,AGENT_BEHAVIOR,CLOSED
COMP0001508,A000182,2026-04-02,WRONG_PERSON,CLOSED
COMP0001509,A000272,2025-12-04,OTHER,RESOLVED
COMP0001510,A000366,2026-04-17,WRONG_PERSON,RESOLVED
COMP0001511,A002754,2026-06-18,WRONG_PERSON,CLOSED
COMP0001512,A000080,2026-07-17,OTHER,CLOSED
COMP0001513,A003166,2026-02-13,OTHER,RESOLVED
COMP0001514,A004131,2026-02-02,OTHER,CLOSED
COMP0001515,A000382,2025-09-13,TOO_MANY_CALLS,CLOSED
COMP0001516,A000698,2026-03-20,OTHER,OPEN
COMP0001517,A000126,2025-11-02,TOO_MANY_CALLS,OPEN
COMP0001518,A000121,2025-11-19,AGENT_BEHAVIOR,CLOSED
COMP0001519,A003244,2026-07-04,OTHER,CLOSED
COMP0001520,A000537,2025-12-27,OTHER,OPEN
COMP0001521,A001483,2026-05-06,WRONG_PERSON,CLOSED
COMP0001522,A001623,2026-04-16,WRONG_PERSON,RESOLVED
COMP0001523,A001039,2025-10-16,TOO_MANY_CALLS,RESOLVED
COMP0001524,A002986,2026-03-06,TOO_MANY_CALLS,RESOLVED
COMP0001525,A004098,2025-12-17,AGENT_BEHAVIOR,CLOSED
COMP0001526,A001346,2026-06-20,TOO_MANY_CALLS,RESOLVED
COMP0001527,A003873,2025-11-02,OTHER,RESOLVED
COMP0001528,A002420,2026-07-23,OTHER,OPEN
COMP0001529,A001274,2026-08-19,WRONG_PERSON,RESOLVED
COMP0001530,A004032,2026-07-22,OTHER,RESOLVED
COMP0001531,A001760,2025-12-27,WRONG_PERSON,CLOSED
COMP0001532,A003517,2025-11-21,AGENT_BEHAVIOR,OPEN
COMP0001533,A002730,2026-08-09,WRONG_PERSON,RESOLVED
COMP0001534,A000199,2026-04-19,AGENT_BEHAVIOR,CLOSED
COMP0001535,A004102,2026-02-02,WRONG_PERSON,OPEN
COMP0001536,A002124,2025-12-20,AGENT_BEHAVIOR,RESOLVED
COMP0001537,A002100,2026-03-27,WRONG_PERSON,RESOLVED
COMP0001538,A003543,2025-12-16,OTHER,CLOSED
COMP0001539,A003554,2026-06-04,OTHER,RESOLVED
COMP0001540,A002120,2025-12-18,WRONG_PERSON,CLOSED
COMP0001541,A001894,2025-10-09,WRONG_PERSON,CLOSED
COMP0001542,A001569,2026-07-13,OTHER,RESOLVED
COMP0001543,A003652,2025-10-21,TOO_MANY_CALLS,CLOSED
COMP0001544,A002871,2026-06-16,WRONG_PERSON,RESOLVED
COMP0001545,A000914,2026-04-27,TOO_MANY_CALLS,OPEN
COMP0001546,A001966,2026-08-13,WRONG_PERSON,CLOSED
COMP0001547,A003477,2025-10-24,AGENT_BEHAVIOR,RESOLVED
COMP0001548,A000654,2025-11-06,TOO_MANY_CALLS,RESOLVED
COMP0001549,A001450,2026-05-01,TOO_MANY_CALLS,OPEN
COMP0001550,A003577,2026-06-16,WRONG_PERSON,RESOLVED
COMP0001551,A000341,2026-08-06,AGENT_BEHAVIOR,RESOLVED
COMP0001552,A001609,2025-09-27,TOO_MANY_CALLS,CLOSED
COMP0001553,A001690,2025-11-07,OTHER,RESOLVED
COMP0001554,A002467,2026-04-01,WRONG_PERSON,OPEN
COMP0001555,A003372,2026-01-23,OTHER,RESOLVED
COMP0001556,A000001,2025-12-04,OTHER,OPEN
COMP0001557,A003868,2026-04-15,OTHER,RESOLVED
COMP0001558,A002262,2026-03-15,AGENT_BEHAVIOR,OPEN
COMP0001559,A002178,2026-02-21,WRONG_PERSON,OPEN
COMP0001560,A000784,2026-02-24,WRONG_PERSON,RESOLVED
COMP0001561,A000499,2026-03-23,TOO_MANY_CALLS,RESOLVED
COMP0001562,A001831,2026-07-17,TOO_MANY_CALLS,RESOLVED
COMP0001563,A000613,2025-09-10,TOO_MANY_CALLS,RESOLVED
COMP0001564,A001797,2026-07-25,WRONG_PERSON,RESOLVED
COMP0001565,A000701,2026-05-22,AGENT_BEHAVIOR,OPEN
COMP0001566,A002480,2026-08-27,TOO_MANY_CALLS,OPEN
COMP0001567,A003225,2026-08-06,AGENT_BEHAVIOR,CLOSED
COMP0001568,A001675,2025-09-22,OTHER,OPEN
COMP0001569,A000226,2026-01-07,AGENT_BEHAVIOR,OPEN
COMP0001570,A002567,2025-12-13,AGENT_BEHAVIOR,CLOSED
COMP0001571,A000449,2025-11-11,TOO_MANY_CALLS,CLOSED
COMP0001572,A003970,2025-09-06,TOO_MANY_CALLS,CLOSED
COMP0001573,A002495,2025-11-08,WRONG_PERSON,CLOSED
COMP0001574,A000699,2026-03-02,WRONG_PERSON,OPEN
COMP0001575,A000223,2025-10-23,WRONG_PERSON,CLOSED
COMP0001576,A003365,2025-10-04,WRONG_PERSON,RESOLVED
COMP0001577,A002064,2026-03-27,TOO_MANY_CALLS,OPEN
COMP0001578,A001287,2026-02-08,OTHER,CLOSED
COMP0001579,A003577,2026-02-10,WRONG_PERSON,OPEN
COMP0001580,A000259,2025-11-12,AGENT_BEHAVIOR,RESOLVED
COMP0001581,A000230,2025-09-02,TOO_MANY_CALLS,CLOSED
COMP0001582,A003420,2025-11-08,OTHER,OPEN
COMP0001583,A000382,2026-05-04,TOO_MANY_CALLS,OPEN
COMP0001584,A000623,2026-08-21,OTHER,CLOSED
COMP0001585,A003033,2026-05-17,TOO_MANY_CALLS,RESOLVED
COMP0001586,A000288,2025-10-26,WRONG_PERSON,OPEN
COMP0001587,A002331,2026-01-15,OTHER,OPEN
COMP0001588,A000414,2026-04-24,AGENT_BEHAVIOR,OPEN
COMP0001589,A000680,2026-01-06,WRONG_PERSON,OPEN
COMP0001590,A001918,2025-09-11,AGENT_BEHAVIOR,RESOLVED
COMP0001591,A002912,2026-05-03,TOO_MANY_CALLS,RESOLVED
COMP0001592,A000820,2026-06-01,TOO_MANY_CALLS,OPEN
COMP0001593,A001970,2026-01-03,WRONG_PERSON,CLOSED
COMP0001594,A001281,2026-04-09,WRONG_PERSON,OPEN
COMP0001595,A003636,2025-11-09,AGENT_BEHAVIOR,CLOSED
COMP0001596,A003792,2026-03-22,WRONG_PERSON,CLOSED
COMP0001597,A003824,2026-02-11,OTHER,OPEN
COMP0001598,A003128,2026-01-14,WRONG_PERSON,CLOSED
COMP0001599,A002714,2026-07-23,WRONG_PERSON,OPEN
COMP0001600,A001475,2025-09-07,OTHER,CLOSED
COMP0001601,A004103,2026-04-16,AGENT_BEHAVIOR,CLOSED
COMP0001602,A002208,2026-04-08,AGENT_BEHAVIOR,CLOSED
COMP0001603,A001318,2026-01-26,OTHER,CLOSED
COMP0001604,A000112,2026-07-15,AGENT_BEHAVIOR,RESOLVED
COMP0001605,A003314,2025-09-16,AGENT_BEHAVIOR,OPEN
COMP0001606,A004141,2025-10-19,WRONG_PERSON,RESOLVED
COMP0001607,A002310,2026-02-23,AGENT_BEHAVIOR,OPEN
COMP0001608,A001851,2025-09-11,OTHER,OPEN
COMP0001609,A001970,2025-12-16,AGENT_BEHAVIOR,OPEN
COMP0001610,A002206,2026-02-09,WRONG_PERSON,CLOSED
COMP0001611,A003992,2025-11-03,WRONG_PERSON,OPEN
COMP0001612,A001917,2025-09-16,OTHER,CLOSED
COMP0001613,A004005,2026-07-21,WRONG_PERSON,CLOSED
COMP0001614,A002322,2026-02-15,TOO_MANY_CALLS,RESOLVED
COMP0001615,A002116,2026-06-04,OTHER,CLOSED
COMP0001616,A002203,2025-12-13,OTHER,CLOSED
COMP0001617,A000477,2025-11-22,AGENT_BEHAVIOR,CLOSED
COMP0001618,A002564,2026-01-21,OTHER,CLOSED
COMP0001619,A002498,2025-09-06,AGENT_BEHAVIOR,OPEN
COMP0001620,A000328,2025-10-06,OTHER,CLOSED
COMP0001621,A001165,2025-11-04,WRONG_PERSON,RESOLVED
COMP0001622,A003818,2025-10-27,OTHER,RESOLVED
COMP0001623,A003056,2025-11-25,AGENT_BEHAVIOR,CLOSED
COMP0001624,A001399,2025-11-05,OTHER,RESOLVED
COMP0001625,A002141,2025-10-14,OTHER,CLOSED
COMP0001626,A003364,2025-09-24,OTHER,OPEN
COMP0001627,A001080,2025-11-16,WRONG_PERSON,RESOLVED
COMP0001628,A000180,2026-07-19,TOO_MANY_CALLS,RESOLVED
COMP0001629,A001712,2026-06-23,AGENT_BEHAVIOR,RESOLVED
COMP0001630,A002576,2026-02-22,TOO_MANY_CALLS,OPEN
COMP0001631,A002988,2025-10-15,WRONG_PERSON,CLOSED
COMP0001632,A000051,2026-05-11,OTHER,CLOSED
COMP0001633,A000240,2026-08-12,TOO_MANY_CALLS,OPEN
COMP0001634,A000402,2025-09-25,TOO_MANY_CALLS,CLOSED
COMP0001635,A003969,2026-02-02,AGENT_BEHAVIOR,RESOLVED
COMP0001636,A003902,2026-04-16,WRONG_PERSON,RESOLVED
COMP0001637,A003763,2025-11-15,OTHER,CLOSED
COMP0001638,A002047,2025-11-20,OTHER,CLOSED
COMP0001639,A002943,2026-01-25,WRONG_PERSON,RESOLVED
COMP0001640,A002100,2026-02-19,AGENT_BEHAVIOR,RESOLVED
COMP0001641,A001209,2025-09-16,TOO_MANY_CALLS,RESOLVED
COMP0001642,A001938,2025-10-20,WRONG_PERSON,OPEN
COMP0001643,A001120,2026-03-18,WRONG_PERSON,CLOSED
COMP0001644,A000877,2026-05-26,OTHER,RESOLVED
COMP0001645,A000974,2026-02-08,AGENT_BEHAVIOR,OPEN
COMP0001646,A004072,2025-10-11,OTHER,CLOSED
COMP0001647,A002293,2025-10-15,OTHER,CLOSED
COMP0001648,A002897,2025-10-23,TOO_MANY_CALLS,OPEN
COMP0001649,A001227,2025-09-25,OTHER,CLOSED
COMP0001650,A001223,2026-03-15,WRONG_PERSON,CLOSED
COMP0001651,A000447,2026-04-18,WRONG_PERSON,OPEN
COMP0001652,A001796,2026-05-13,TOO_MANY_CALLS,CLOSED
COMP0001653,A000212,2026-07-22,OTHER,CLOSED
COMP0001654,A001019,2026-03-24,OTHER,OPEN
COMP0001655,A001965,2026-05-14,TOO_MANY_CALLS,CLOSED
COMP0001656,A003403,2026-07-23,OTHER,OPEN
COMP0001657,A002242,2026-06-01,OTHER,CLOSED
COMP0001658,A002507,2025-12-03,OTHER,CLOSED
COMP0001659,A001582,2026-04-22,WRONG_PERSON,OPEN
COMP0001660,A001944,2026-08-04,OTHER,CLOSED
COMP0001661,A003810,2025-12-19,WRONG_PERSON,OPEN
COMP0001662,A003491,2026-03-16,OTHER,RESOLVED
COMP0001663,A000946,2026-08-14,TOO_MANY_CALLS,CLOSED
COMP0001664,A001053,2026-06-08,AGENT_BEHAVIOR,RESOLVED
COMP0001665,A003761,2026-01-10,TOO_MANY_CALLS,RESOLVED
COMP0001666,A001879,2026-04-03,TOO_MANY_CALLS,OPEN
COMP0001667,A000328,2025-10-01,OTHER,OPEN
COMP0001668,A000920,2026-08-10,AGENT_BEHAVIOR,CLOSED
COMP0001669,A001022,2026-08-22,AGENT_BEHAVIOR,CLOSED
COMP0001670,A001025,2026-03-04,AGENT_BEHAVIOR,OPEN
COMP0001671,A000458,2026-03-25,WRONG_PERSON,OPEN
COMP0001672,A000918,2026-06-06,WRONG_PERSON,CLOSED
COMP0001673,A000465,2025-12-04,AGENT_BEHAVIOR,CLOSED
COMP0001674,A003305,2026-03-12,WRONG_PERSON,CLOSED
COMP0001675,A002690,2026-06-09,OTHER,OPEN
COMP0001676,A001475,2026-07-07,OTHER,RESOLVED
COMP0001677,A001547,2026-04-14,AGENT_BEHAVIOR,CLOSED
COMP0001678,A002393,2026-07-20,WRONG_PERSON,CLOSED
COMP0001679,A000706,2026-01-17,TOO_MANY_CALLS,CLOSED
COMP0001680,A000846,2025-10-16,TOO_MANY_CALLS,RESOLVED
COMP0001681,A000914,2026-05-13,WRONG_PERSON,CLOSED
COMP0001682,A003473,2026-08-15,WRONG_PERSON,RESOLVED
COMP0001683,A001691,2026-06-23,OTHER,OPEN
COMP0001684,A000619,2026-08-20,AGENT_BEHAVIOR,OPEN
COMP0001685,A002818,2025-11-09,WRONG_PERSON,CLOSED
COMP0001686,A002522,2026-02-23,AGENT_BEHAVIOR,RESOLVED
COMP0001687,A000195,2025-12-20,WRONG_PERSON,CLOSED
COMP0001688,A000726,2026-06-17,AGENT_BEHAVIOR,RESOLVED
COMP0001689,A004168,2026-05-13,OTHER,OPEN
COMP0001690,A000962,2026-04-18,TOO_MANY_CALLS,OPEN
COMP0001691,A000990,2026-04-25,OTHER,CLOSED
COMP0001692,A003499,2026-07-15,OTHER,CLOSED
COMP0001693,A001392,2026-04-02,TOO_MANY_CALLS,CLOSED
COMP0001694,A002962,2025-09-20,AGENT_BEHAVIOR,RESOLVED
COMP0001695,A002096,2025-12-25,AGENT_BEHAVIOR,RESOLVED
COMP0001696,A003801,2026-02-19,TOO_MANY_CALLS,OPEN
COMP0001697,A001514,2026-05-14,AGENT_BEHAVIOR,RESOLVED
COMP0001698,A000148,2026-05-02,TOO_MANY_CALLS,RESOLVED
COMP0001699,A002116,2026-05-13,WRONG_PERSON,RESOLVED
COMP0001700,A003652,2026-03-10,OTHER,CLOSED
COMP0001701,A003257,2026-07-23,WRONG_PERSON,RESOLVED
COMP0001702,A000876,2026-01-04,WRONG_PERSON,RESOLVED
COMP0001703,A002080,2026-07-20,OTHER,CLOSED
COMP0001704,A003359,2026-05-14,AGENT_BEHAVIOR,CLOSED
COMP0001705,A001370,2025-10-19,OTHER,OPEN
COMP0001706,A001510,2025-12-03,OTHER,RESOLVED
COMP0001707,A002547,2025-11-01,WRONG_PERSON,CLOSED
COMP0001708,A004025,2026-03-24,TOO_MANY_CALLS,RESOLVED
COMP0001709,A002318,2026-04-19,TOO_MANY_CALLS,CLOSED
COMP0001710,A003407,2026-07-16,OTHER,OPEN
COMP0001711,A001360,2025-11-23,OTHER,RESOLVED
COMP0001712,A000245,2026-01-11,TOO_MANY_CALLS,OPEN
COMP0001713,A001827,2026-04-04,OTHER,OPEN
COMP0001714,A001972,2026-08-24,OTHER,OPEN
COMP0001715,A001780,2026-02-25,AGENT_BEHAVIOR,RESOLVED
COMP0001716,A002144,2025-09-23,TOO_MANY_CALLS,CLOSED
COMP0001717,A001001,2026-07-21,TOO_MANY_CALLS,OPEN
COMP0001718,A002822,2025-10-07,AGENT_BEHAVIOR,OPEN
COMP0001719,A001870,2026-03-01,TOO_MANY_CALLS,CLOSED
COMP0001720,A003421,2026-02-03,WRONG_PERSON,RESOLVED
COMP0001721,A003400,2026-04-27,WRONG_PERSON,RESOLVED
COMP0001722,A003297,2025-09-23,AGENT_BEHAVIOR,RESOLVED
COMP0001723,A001665,2026-05-21,AGENT_BEHAVIOR,CLOSED
COMP0001724,A002843,2025-12-03,TOO_MANY_CALLS,CLOSED
COMP0001725,A001109,2026-04-21,OTHER,OPEN
COMP0001726,A000284,2026-07-24,AGENT_BEHAVIOR,RESOLVED
COMP0001727,A002195,2025-12-18,WRONG_PERSON,RESOLVED
COMP0001728,A002509,2026-05-18,OTHER,RESOLVED
COMP0001729,A002833,2025-11-20,OTHER,RESOLVED
COMP0001730,A003813,2026-04-20,AGENT_BEHAVIOR,RESOLVED
COMP0001731,A000593,2026-05-27,TOO_MANY_CALLS,RESOLVED
COMP0001732,A001751,2025-12-09,AGENT_BEHAVIOR,CLOSED
COMP0001733,A002715,2026-07-14,WRONG_PERSON,OPEN
COMP0001734,A000914,2026-08-15,AGENT_BEHAVIOR,CLOSED
COMP0001735,A000366,2025-10-08,WRONG_PERSON,CLOSED
COMP0001736,A002838,2026-07-17,TOO_MANY_CALLS,RESOLVED
COMP0001737,A002828,2026-02-13,TOO_MANY_CALLS,OPEN
COMP0001738,A004021,2025-09-05,TOO_MANY_CALLS,RESOLVED
COMP0001739,A003749,2025-11-22,AGENT_BEHAVIOR,CLOSED
COMP0001740,A003270,2026-01-25,AGENT_BEHAVIOR,CLOSED
COMP0001741,A001053,2026-06-12,WRONG_PERSON,OPEN
COMP0001742,A000071,2026-03-22,TOO_MANY_CALLS,CLOSED
COMP0001743,A003626,2026-04-02,TOO_MANY_CALLS,CLOSED
COMP0001744,A001061,2025-09-10,TOO_MANY_CALLS,OPEN
COMP0001745,A001971,2026-03-01,OTHER,OPEN
COMP0001746,A003741,2026-05-23,TOO_MANY_CALLS,RESOLVED
COMP0001747,A003065,2025-10-23,TOO_MANY_CALLS,CLOSED
COMP0001748,A001222,2026-04-06,AGENT_BEHAVIOR,CLOSED
COMP0001749,A003343,2026-05-17,AGENT_BEHAVIOR,CLOSED
COMP0001750,A004133,2025-12-17,AGENT_BEHAVIOR,CLOSED
COMP0001751,A001327,2026-04-17,AGENT_BEHAVIOR,CLOSED
COMP0001752,A001867,2026-06-18,TOO_MANY_CALLS,OPEN
COMP0001753,A002564,2026-03-04,WRONG_PERSON,RESOLVED
COMP0001754,A003340,2026-08-10,OTHER,CLOSED
COMP0001755,A003673,2025-10-06,WRONG_PERSON,OPEN
COMP0001756,A002796,2026-05-27,WRONG_PERSON,RESOLVED
COMP0001757,A002440,2025-11-08,WRONG_PERSON,RESOLVED
COMP0001758,A000260,2026-04-22,OTHER,OPEN
COMP0001759,A001743,2026-01-23,OTHER,RESOLVED
COMP0001760,A003873,2026-07-18,WRONG_PERSON,CLOSED
COMP0001761,A000610,2026-01-01,WRONG_PERSON,OPEN
COMP0001762,A003504,2025-12-13,TOO_MANY_CALLS,RESOLVED
COMP0001763,A003445,2026-06-18,WRONG_PERSON,CLOSED
COMP0001764,A003441,2026-05-15,WRONG_PERSON,RESOLVED
COMP0001765,A002295,2026-07-10,TOO_MANY_CALLS,CLOSED
COMP0001766,A003494,2026-08-23,AGENT_BEHAVIOR,RESOLVED
COMP0001767,A003394,2026-05-21,OTHER,CLOSED
COMP0001768,A001529,2026-07-03,TOO_MANY_CALLS,CLOSED
COMP0001769,A000402,2026-08-20,AGENT_BEHAVIOR,CLOSED
COMP0001770,A003225,2025-12-23,WRONG_PERSON,OPEN
COMP0001771,A002021,2026-03-12,OTHER,OPEN
COMP0001772,A000315,2026-01-22,TOO_MANY_CALLS,OPEN
COMP0001773,A000101,2025-12-16,WRONG_PERSON,CLOSED
COMP0001774,A001421,2026-05-09,WRONG_PERSON,CLOSED
COMP0001775,A000270,2026-02-11,TOO_MANY_CALLS,CLOSED
COMP0001776,A003398,2025-11-18,TOO_MANY_CALLS,OPEN
COMP0001777,A000147,2026-03-16,OTHER,CLOSED
COMP0001778,A003306,2025-12-13,TOO_MANY_CALLS,OPEN
COMP0001779,A004125,2025-10-16,TOO_MANY_CALLS,CLOSED
COMP0001780,A003145,2025-09-16,WRONG_PERSON,RESOLVED
COMP0001781,A001550,2026-03-16,TOO_MANY_CALLS,OPEN
COMP0001782,A002608,2025-09-12,TOO_MANY_CALLS,RESOLVED
COMP0001783,A001792,2026-01-07,WRONG_PERSON,CLOSED
COMP0001784,A000550,2026-04-19,WRONG_PERSON,OPEN
COMP0001785,A001704,2025-09-07,OTHER,CLOSED
COMP0001786,A003217,2026-04-09,TOO_MANY_CALLS,CLOSED
COMP0001787,A003836,2026-01-15,TOO_MANY_CALLS,CLOSED
COMP0001788,A002535,2026-06-21,TOO_MANY_CALLS,OPEN
COMP0001789,A001176,2026-07-19,OTHER,CLOSED
COMP0001790,A001817,2025-09-21,AGENT_BEHAVIOR,CLOSED
COMP0001791,A001366,2026-02-27,WRONG_PERSON,OPEN
COMP0001792,A004025,2026-08-27,WRONG_PERSON,OPEN
COMP0001793,A003118,2025-12-05,WRONG_PERSON,CLOSED
COMP0001794,A002456,2026-05-07,OTHER,CLOSED
COMP0001795,A002058,2026-04-03,WRONG_PERSON,CLOSED
COMP0001796,A003291,2026-06-19,WRONG_PERSON,CLOSED
COMP0001797,A000241,2026-07-19,AGENT_BEHAVIOR,OPEN
COMP0001798,A002934,2026-04-17,OTHER,CLOSED
COMP0001799,A001152,2026-04-18,TOO_MANY_CALLS,OPEN
COMP0001800,A001365,2026-07-24,WRONG_PERSON,OPEN
